"waveid","personid","su_id_1","su_id_1_2","su_id_1_3","su_id_2","birth_year","age","gender","status","external_wealth","relationshiptohh","head","marital_status","years_education","other_noetic","occupation","work_ability","location","father_noetic","father_edu","su_id"
1,"pe0101","na","pesu101","pesu108","pessu101108",1981,NA,"male",1,NA,"focal",1,"married",1,"y","farmer","strong","mitini",NA,NA,NA
1,"pe0102","pesu101","","","pessu101108",1982,NA,"female",0,NA,"wife",0,"married",0,"y","farmer","strong","mitini",NA,NA,NA
1,"pe0103","pesu101","","","pessu101108",2004,NA,"male",0,NA,"son",0,"unmarried",6,"y","none","strong","mitini",NA,NA,NA
1,"pe0104","pesu101","","","pessu101108",2007,NA,"male",0,NA,"son",0,"unmarried",4,"x","na","strong","mitini",NA,NA,NA
1,"pe0105","pesu101","","","pessu101108",2010,NA,"female",0,NA,"daughter",0,"unmarried",1,"x","na","strong","mitini",NA,NA,NA
1,"pe0106","pesu101","","","pessu101108",2012,NA,"female",0,NA,"daughter",0,"unmarried",0.5,"x","na","strong","mitini",NA,NA,NA
1,"pe0107","pesu101","","","pessu101108",2016,NA,"male",0,NA,"son",0,"unmarried",0,"x","na","na","mitini",NA,NA,NA
1,"pe0108","pesu101","","","pessu101108",2014,NA,"female",0,NA,"daughter",0,"unmarried",0,"x","na","na","mitini",NA,NA,NA
1,"pe0201","pesu102","","","pessu102",1995,NA,"male",0,NA,"focal",1,"married",0,"y","farmer","medium","mitini",NA,NA,NA
1,"pe0202","pesu102","","","pessu102",1994,NA,"female",0,NA,"wife",0,"married",2,"y","small business","weak","mitini",NA,NA,NA
1,"pe0203","pesu102","","","pessu102",2013,NA,"female",0,NA,"daughter",0,"unmarried",0.5,"x","na","na","mitini",NA,NA,NA
1,"pe0204","pesu102","","","pessu102",2015,NA,"female",0,NA,"daughter",0,"unmarried",0,"x","na","na","mitini",NA,NA,NA
1,"pe0205","pesu102","","","pessu102",2018,NA,"male",0,NA,"son",0,"unmarried",0,"x","na","na","mitini",NA,NA,NA
1,"pe0301","pesu103","","","pessu103",1993,NA,"male",1,NA,"focal",1,"married",0,"y","farmer","strong","mitini",NA,NA,NA
1,"pe0302","pesu103","","","pessu103",1998,NA,"female",0,NA,"wife",0,"married",2,"y","small business","strong","mitini",NA,NA,NA
1,"pe0303","pesu103","","","pessu103",2011,NA,"male",0,NA,"son",0,"unmarried",0.5,"x","na","strong","mitini",NA,NA,NA
1,"pe0304","pesu103","","","pessu103",2012,NA,"male",0,NA,"son",0,"unmarried",0,"x","na","na","mitini",NA,NA,NA
1,"pe0305","pesu103","","","pessu103",2014,NA,"female",0,NA,"daughter",0,"unmarried",0,"x","na","na","mitini",NA,NA,NA
1,"pe0306","pesu103","","","pessu103",2017,NA,"female",0,NA,"daughter",0,"unmarried",0,"x","na","na","mitini",NA,NA,NA
1,"pe0401","pesu104","","","pessu104161",1983,NA,"female",1,NA,"wife",0,"married",8,"x","farmer","strong","mitini",NA,NA,NA
1,"pe0402","pesu104","","","pessu104161",1998,NA,"male",0,NA,"son",0,"unmarried",6,"x","farmer","strong","mitini",NA,NA,NA
1,"pe0403","pesu104","","","pessu104161",2000,NA,"male",0,NA,"son",0,"unmarried",5,"y","crafts","strong","mitini",NA,NA,NA
1,"pe0404","pesu104","","","pessu104161",2003,NA,"male",0,NA,"son",0,"unmarried",5,"x","none","strong","mitini",NA,NA,NA
1,"pe0405","pesu104","","","pessu104161",2005,NA,"male",0,NA,"son",0,"unmarried",3,"x","none","strong","mitini",NA,NA,NA
1,"pe0406","pesu104","","","pessu104161",2010,NA,"male",0,NA,"son",0,"unmarried",1,"x","na","strong","mitini",NA,NA,NA
1,"pe0407","pesu104","","","pessu104161",2012,NA,"female",0,NA,"daughter",0,"unmarried",0.5,"x","na","na","mitini",NA,NA,NA
1,"pe0408","pesu104","","","pessu104161",2008,NA,"female",0,NA,"daughter",0,"unmarried",2,"x","na","strong","mitini",NA,NA,NA
1,"pe0501","pesu105","","","pessu105",1969,NA,"male",1,NA,"focal",1,"married",7,"x","farmer","medium","mitini",NA,NA,NA
1,"pe0502","pesu105","","","pessu105",1978,NA,"female",0,NA,"wife",0,"married",0,"y","farmer","medium","mitini",NA,NA,NA
1,"pe0503","pesu105","","","pessu105",2004,NA,"female",0,NA,"daughter",0,"unmarried",8,"y","none","strong","mitini",NA,NA,NA
1,"pe0504","pesu105","","","pessu105",2007,NA,"female",0,NA,"daughter",0,"unmarried",4,"y","na","strong","mitini",NA,NA,NA
1,"pe0505","pesu105","","","pessu105",2000,NA,"male",0,NA,"son",0,"unmarried",10,"x","none","strong","mitini",NA,NA,NA
1,"pe0506","pesu105","","","pessu105",2002,NA,"male",0,NA,"son",0,"unmarried",8,"x","other","strong","mitini",NA,NA,NA
1,"pe0507","pesu105","","","pessu105",2015,NA,"female",0,NA,"daughter",0,"unmarried",0,"x","na","na","mitini",NA,NA,NA
1,"pe0509","pesu105","","","pessu105",2010,NA,"male",0,NA,"son",0,"unmarried",1,"x","na","strong","mitini",NA,NA,NA
1,"pe0510","pesu105","","","pessu105",2004,NA,"female",0,NA,"daughter",0,"unmarried",8,"y","other","strong","mitini",NA,NA,NA
1,"pe0511","pesu105","","","pessu105",2011,NA,"male",0,NA,"son",0,"unmarried",0,"x","na","strong","mitini",NA,NA,NA
1,"pe0514","pesu105","","","pessu105",2006,NA,"male",0,NA,"son",0,"unmarried",4,"x","missing","strong","mitini",NA,NA,NA
1,"pe0515","pesu105","","","pessu105",1996,NA,"female",0,NA,"daughter",0,"unmarried",13,"x","none","strong","mitini",NA,NA,NA
1,"pe0601","pesu106","","","pessu106",1980,NA,"male",1,NA,"focal",1,"married",0,"y","farmer","strong","mitini",NA,NA,NA
1,"pe0602","pesu106","","","pessu106",1985,NA,"female",0,NA,"wife",0,"married",0,"x","other","strong","mitini",NA,NA,NA
1,"pe0603","pesu106","","","pessu106",2003,NA,"male",0,NA,"son",0,"unmarried",8,"x","na","strong","mitini",NA,NA,NA
1,"pe0604","pesu106","","","pessu106",2005,NA,"female",0,NA,"daughter",0,"unmarried",6,"y","other","strong","mitini",NA,NA,NA
1,"pe0605","pesu106","","","pessu106",2007,NA,"female",0,NA,"daughter",0,"unmarried",4,"x","na","strong","mitini",NA,NA,NA
1,"pe0607","pesu106","","","pessu106",2010,NA,"male",0,NA,"son",0,"unmarried",1,"x","na","strong","mitini",NA,NA,NA
1,"pe0608","pesu106","","","pessu106",2012,NA,"male",0,NA,"son",0,"unmarried",0.5,"x","na","strong","mitini",NA,NA,NA
1,"pe0609","pesu106","","","pessu106",2013,NA,"male",0,NA,"son",0,"unmarried",0,"x","na","na","mitini",NA,NA,NA
1,"pe0610","pesu106","","","pessu106",2016,NA,"female",0,NA,"daughter",0,"unmarried",0,"x","na","na","mitini",NA,NA,NA
1,"pe0701","pesu107","","","pessu107",1988,NA,"male",0,NA,"focal",1,"married",0,"y","fisher","strong","mitini",NA,NA,NA
1,"pe0702","pesu107","","","pessu107",1993,NA,"female",0,NA,"wife",0,"married",4,"y","small business","strong","mitini",NA,NA,NA
1,"pe0703","pesu107","","","pessu107",2011,NA,"male",0,NA,"son",0,"unmarried",0.5,"x","na","strong","mitini",NA,NA,NA
1,"pe0704","pesu107","","","pessu107",2012,NA,"female",0,NA,"daughter",0,"unmarried",0.5,"x","na","na","mitini",NA,NA,NA
1,"pe0705","pesu107","","","pessu107",2008,NA,"female",0,NA,"daughter",0,"unmarried",0,"x","na","strong","mitini",NA,NA,NA
1,"pe0706","pesu107","","","pessu107",2016,NA,"male",0,NA,"son",0,"unmarried",0,"x","na","na","mitini",NA,NA,NA
1,"pe0801","pesu108","","","pessu101108",1994,NA,"female",1,NA,"wife",0,"married",0,"y","none","strong","mitini",NA,NA,NA
1,"pe0802","pesu108","","","pessu101108",2008,NA,"male",0,NA,"son",0,"unmarried",4,"x","na","strong","mitini",NA,NA,NA
1,"pe0803","pesu108","","","pessu101108",2010,NA,"male",0,NA,"son",0,"unmarried",1,"x","na","strong","mitini",NA,NA,NA
1,"pe0804","pesu108","","","pessu101108",2014,NA,"female",0,NA,"daughter",0,"unmarried",0,"x","na","na","mitini",NA,NA,NA
1,"pe0805","pesu108","","","pessu101108",2002,NA,"female",0,NA,"other relative",0,"unmarried",8,"x","other","strong","mitini",NA,NA,NA
1,"pe0806","pesu108","","","pessu101108",2018,NA,"female",0,NA,"daughter",0,"unmarried",0,"x","na","na","mitini",NA,NA,NA
1,"pe1001","pesu110","","","pessu110",1983,NA,"male",1,NA,"focal",1,"married",0,"y","farmer","medium","mitini",NA,NA,NA
1,"pe1002","pesu110","","","pessu110",1985,NA,"female",0,NA,"wife",0,"married",0,"y","small business","medium","mitini",NA,NA,NA
1,"pe1003","pesu110","","","pessu110",2002,NA,"male",0,NA,"son",0,"unmarried",4,"x","farmer","strong","mitini",NA,NA,NA
1,"pe1004","pesu110","","","pessu110",2005,NA,"male",0,NA,"son",0,"unmarried",6,"x","other","strong","mitini",NA,NA,NA
1,"pe1005","pesu110","","","pessu110",2010,NA,"female",0,NA,"daughter",0,"unmarried",2,"x","na","strong","mitini",NA,NA,NA
1,"pe1006","pesu110","","","pessu110",2007,NA,"male",0,NA,"son",0,"unmarried",3,"x","na","strong","mitini",NA,NA,NA
1,"pe1007","pesu110","","","pessu110",2013,NA,"male",0,NA,"son",0,"unmarried",0.5,"x","na","na","mitini",NA,NA,NA
1,"pe1008","pesu110","","","pessu110",2014,NA,"female",0,NA,"daughter",0,"unmarried",0,"x","na","na","mitini",NA,NA,NA
1,"pe1009","pesu110","","","pessu110",2017,NA,"male",0,NA,"son",0,"unmarried",0,"x","na","na","mitini",NA,NA,NA
1,"pe1101","pesu111","","","pessu111",1966,NA,"male",0,NA,"focal",1,"married",0,"y","farmer","medium","mitini",NA,NA,NA
1,"pe1102","pesu111","","","pessu111",1961,NA,"female",0,NA,"wife",0,"married",0,"y","farmer","medium","mitini",NA,NA,NA
1,"pe1103","pesu111","","","pessu111",2009,NA,"female",0,NA,"daughter",0,"unmarried",0.5,"x","na","strong","mitini",NA,NA,NA
1,"pe1104","pesu111","","","pessu111",2011,NA,"male",0,NA,"son",0,"unmarried",0,"x","na","medium","mitini",NA,NA,NA
1,"pe1105","pesu111","","","pessu111",1995,NA,"male",0,NA,"step son",0,"unmarried",0,"y","farmer","strong","mitini",NA,NA,NA
1,"pe1201","pesu112","","","pessu112",1977,NA,"male",1,NA,"focal",1,"married",0,"y","farmer","strong","mitini",NA,NA,NA
1,"pe1202","pesu112","","","pessu112",1985,NA,"female",0,NA,"wife",0,"married",0,"y","farmer","strong","mitini",NA,NA,NA
1,"pe1203","pesu112","","","pessu112",2006,NA,"female",0,NA,"daughter",0,"unmarried",3,"y","na","strong","mitini",NA,NA,NA
1,"pe1204","pesu112","","","pessu112",2008,NA,"male",0,NA,"son",0,"unmarried",2,"x","na","strong","mitini",NA,NA,NA
1,"pe1205","pesu112","","","pessu112",2008,NA,"male",0,NA,"son",0,"unmarried",2,"x","na","strong","mitini",NA,NA,NA
1,"pe1206","pesu112","","","pessu112",2010,NA,"male",0,NA,"son",0,"unmarried",0.5,"x","na","strong","mitini",NA,NA,NA
1,"pe1207","pesu112","","","pessu112",2011,NA,"male",0,NA,"son",0,"unmarried",0,"x","na","strong","mitini",NA,NA,NA
1,"pe1208","pesu112","","","pessu112",2013,NA,"male",0,NA,"son",0,"unmarried",0,"x","na","na","mitini",NA,NA,NA
1,"pe1301","pesu113","","","pessu113",1993,NA,"male",0,NA,"focal",1,"married",0,"y","crafts","strong","mitini",NA,NA,NA
1,"pe1302","pesu113","","","pessu113",1987,NA,"female",0,NA,"wife",0,"married",9,"y","other","strong","mitini",NA,NA,NA
1,"pe1303","pesu113","","","pessu113",2017,NA,"female",0,NA,"daughter",0,"unmarried",0,"x","na","na","mitini",NA,NA,NA
1,"pe1601","pesu116","","","pessu116",1984,NA,"male",0,NA,"focal",1,"married",0,"y","crafts","strong","mitini",NA,NA,NA
1,"pe1602","pesu116","","","pessu116",1991,NA,"female",0,NA,"wife",0,"married",6,"y","small business","strong","mitini",NA,NA,NA
1,"pe1603","pesu116","","","pessu116",2014,NA,"female",0,NA,"daughter",0,"unmarried",0,"x","na","na","mitini",NA,NA,NA
1,"pe1604","pesu116","","","pessu116",2016,NA,"female",0,NA,"daughter",0,"unmarried",0,"x","na","na","mitini",NA,NA,NA
1,"pe1605","pesu116","","","pessu116",2018,NA,"male",0,NA,"son",0,"unmarried",0,"x","na","na","mitini",NA,NA,NA
1,"pe1701","pesu117","","","pessu117",1963,NA,"male",1,NA,"focal",1,"married",0,"x","farmer","weak","mitini",NA,NA,NA
1,"pe1702","pesu117","","","pessu117",1957,NA,"female",0,NA,"wife",0,"married",0,"y","farmer","medium","mitini",NA,NA,NA
1,"pe1703","pesu117","","","pessu117",1986,NA,"male",0,NA,"son",0,"married",0,"y","fisher","strong","mitini",NA,NA,NA
1,"pe1704","pesu117","","","pessu117",1993,NA,"female",0,NA,"daughter in law",0,"married",6,"x","none","strong","mitini",NA,NA,NA
1,"pe1705","pesu117","","","pessu117",1988,NA,"male",0,NA,"son",0,"married",0,"y","crafts","weak","mitini",NA,NA,NA
1,"pe1706","pesu117","","","pessu117",1993,NA,"female",0,NA,"daughter in law",0,"married",0,"x","none","strong","mitini",NA,NA,NA
1,"pe1707","pesu117","","","pessu117",2016,NA,"male",0,NA,"grand son",0,"unmarried",0,"x","na","na","mitini",NA,NA,NA
1,"pe1901","pesu119","","","pessu117",1966,NA,"male",0,NA,"focal",1,"married",4,"y","farmer","medium","mitini",NA,NA,NA
1,"pe1902","pesu119","","","pessu119",1969,NA,"female",0,NA,"wife",0,"married",0,"y","farmer","strong","mitini",NA,NA,NA
1,"pe1903","pesu119","","","pessu119",1994,NA,"male",0,NA,"son",0,"unmarried",10,"y","farmer","strong","mitini",NA,NA,NA
1,"pe1904","pesu119","","","pessu119",2003,NA,"female",0,NA,"daughter",0,"unmarried",6,"y","farmer","strong","mitini",NA,NA,NA
1,"pe1905","pesu119","","","pessu119",2004,NA,"male",0,NA,"son",0,"unmarried",2,"y","none","strong","mitini",NA,NA,NA
1,"pe1906","pesu119","","","pessu119",2007,NA,"female",0,NA,"daughter",0,"unmarried",1,"x","na","strong","mitini",NA,NA,NA
1,"pe1907","pesu119","","","pessu119",2011,NA,"female",0,NA,"other relative",0,"unmarried",0.5,"x","na","strong","mitini",NA,NA,NA
1,"pe1908","pesu119","","","pessu119",2011,NA,"female",0,NA,"grand daughter",0,"unmarried",0.5,"x","na","strong","mitini",NA,NA,NA
1,"pe1909","pesu119","","","pessu119",2016,NA,"female",0,NA,"grand daughter",0,"unmarried",0,"x","na","na","mitini",NA,NA,NA
1,"pe2001","pesu120","","","pessu120",1986,NA,"male",0,NA,"focal",1,"married",0,"y","farmer","strong","mitini",NA,NA,NA
1,"pe2002","pesu120","","","pessu120",1995,NA,"female",0,NA,"wife",0,"married",0,"y","small business","strong","mitini",NA,NA,NA
1,"pe2003","pesu120","","","pessu120",2013,NA,"female",0,NA,"daughter",0,"unmarried",0,"x","na","na","mitini",NA,NA,NA
1,"pe2004","pesu120","","","pessu120",2015,NA,"male",0,NA,"son",0,"unmarried",0,"x","na","na","mitini",NA,NA,NA
1,"pe2005","pesu120","","","pessu120",2017,NA,"male",0,NA,"son",0,"unmarried",0,"x","na","na","mitini",NA,NA,NA
1,"pe2101","pesu121","","","pessu121",1998,NA,"male",0,NA,"focal",1,"married",9,"y","farmer","strong","mitini",NA,NA,NA
1,"pe2102","pesu121","","","pessu121",1995,NA,"female",0,NA,"wife",0,"married",9,"x","farmer","strong","mitini",NA,NA,NA
1,"pe2103","pesu121","","","pessu121",2017,NA,"male",0,NA,"son",0,"unmarried",0,"x","na","na","mitini",NA,NA,NA
1,"pe2104","pesu121","","","pessu121",2018,NA,"male",0,NA,"son",0,"unmarried",0,"x","na","na","mitini",NA,NA,NA
1,"pe2201","pesu122","","","pessu122",1971,NA,"male",1,NA,"focal",1,"married",0,"y","farmer","medium","mitini",NA,NA,NA
1,"pe2202","pesu122","","","pessu122",1983,NA,"female",0,NA,"wife",0,"married",0,"y","farmer","strong","mitini",NA,NA,NA
1,"pe2203","pesu122","","","pessu122",2002,NA,"female",0,NA,"daughter",0,"unmarried",8,"x","other","strong","mitini",NA,NA,NA
1,"pe2204","pesu122","","","pessu122",2004,NA,"male",0,NA,"son",0,"unmarried",4,"x","other","medium","mitini",NA,NA,NA
1,"pe2205","pesu122","","","pessu122",2008,NA,"female",0,NA,"daughter",0,"unmarried",3,"x","na","strong","mitini",NA,NA,NA
1,"pe2206","pesu122","","","pessu122",2010,NA,"female",0,NA,"daughter",0,"unmarried",2,"x","na","strong","mitini",NA,NA,NA
1,"pe2207","pesu122","","","pessu122",2014,NA,"male",0,NA,"son",0,"unmarried",0,"x","na","na","mitini",NA,NA,NA
1,"pe2208","pesu122","","","pessu122",2017,NA,"female",0,NA,"daughter",0,"unmarried",0,"x","na","na","mitini",NA,NA,NA
1,"pe2301","pesu123","","","pessu123124",1995,NA,"female",1,NA,"wife",0,"married",9,"y","small business","medium","mitini",NA,NA,NA
1,"pe2302","pesu123","","","pessu123124",2015,NA,"female",0,NA,"daughter",0,"unmarried",0,"x","na","na","mitini",NA,NA,NA
1,"pe2303","pesu123","","","pessu123124",2017,NA,"male",0,NA,"son",0,"unmarried",0,"x","na","na","mitini",NA,NA,NA
1,"pe2401","na","pesu123","pesu124","pessu123124",1986,NA,"male",1,NA,"focal",1,"married",2,"y","farmer","medium","mitini",NA,NA,NA
1,"pe2402","pesu124","","","pessu123124",1987,NA,"female",1,NA,"wife",0,"married",0,"y","farmer","medium","mitini",NA,NA,NA
1,"pe2403","pesu124","","","pessu123124",2006,NA,"male",0,NA,"son",0,"unmarried",5,"y","na","strong","mitini",NA,NA,NA
1,"pe2404","pesu124","","","pessu123124",2008,NA,"female",0,NA,"daughter",0,"unmarried",3,"x","na","strong","mitini",NA,NA,NA
1,"pe2405","pesu124","","","pessu123124",2011,NA,"female",0,NA,"daughter",0,"unmarried",1,"x","na","strong","mitini",NA,NA,NA
1,"pe2406","pesu124","","","pessu123124",2014,NA,"male",0,NA,"son",0,"unmarried",0,"x","na","na","mitini",NA,NA,NA
1,"pe2407","pesu124","","","pessu123124",2016,NA,"female",0,NA,"daughter",0,"unmarried",0,"x","na","na","mitini",NA,NA,NA
1,"pe2501","pesu125","","","pessu125",1966,NA,"male",0,NA,"focal",1,"married",11,"x","farmer","strong","mitini",NA,NA,NA
1,"pe2502","pesu125","","","pessu125",1983,NA,"female",0,NA,"wife",0,"married",4,"y","farmer","medium","mitini",NA,NA,NA
1,"pe2503","pesu125","","","pessu125",2004,NA,"female",0,NA,"daughter",0,"unmarried",2,"x","none","strong","mitini",NA,NA,NA
1,"pe2504","pesu125","","","pessu125",2007,NA,"male",0,NA,"son",0,"unmarried",1,"x","na","strong","mitini",NA,NA,NA
1,"pe2505","pesu125","","","pessu125",2010,NA,"male",0,NA,"son",0,"unmarried",0,"x","na","strong","mitini",NA,NA,NA
1,"pe2506","pesu125","","","pessu125",2012,NA,"male",0,NA,"son",0,"unmarried",0,"x","na","strong","mitini",NA,NA,NA
1,"pe2507","pesu125","","","pessu125",2015,NA,"male",0,NA,"son",0,"unmarried",0,"x","na","na","mitini",NA,NA,NA
1,"pe2508","pesu125","","","pessu125",2017,NA,"male",0,NA,"son",0,"unmarried",0,"x","na","na","mitini",NA,NA,NA
1,"pe2601","pesu126","","","pessu126",1983,NA,"male",1,NA,"focal",1,"married",0,"y","farmer","medium","mitini",NA,NA,NA
1,"pe2602","pesu126","","","pessu126",1985,NA,"female",0,NA,"wife",0,"married",3,"y","farmer","medium","mitini",NA,NA,NA
1,"pe2603","pesu126","","","pessu126",2000,NA,"male",0,NA,"son",0,"unmarried",6,"x","crafts","medium","mitini",NA,NA,NA
1,"pe2604","pesu126","","","pessu126",2002,NA,"female",0,NA,"daughter",0,"unmarried",8,"y","none","strong","mitini",NA,NA,NA
1,"pe2605","pesu126","","","pessu126",2004,NA,"male",0,NA,"son",0,"unmarried",6,"x","fisher","strong","mitini",NA,NA,NA
1,"pe2606","pesu126","","","pessu126",2000,NA,"male",0,NA,"son",0,"unmarried",2,"x","none","strong","mitini",NA,NA,NA
1,"pe2607","pesu126","","","pessu126",2004,NA,"female",0,NA,"daughter",0,"unmarried",2,"x","none","strong","mitini",NA,NA,NA
1,"pe2608","pesu126","","","pessu126",2009,NA,"female",0,NA,"daughter",0,"unmarried",0.5,"x","na","strong","mitini",NA,NA,NA
1,"pe2609","pesu126","","","pessu126",2013,NA,"female",0,NA,"daughter",0,"unmarried",0.5,"x","na","na","mitini",NA,NA,NA
1,"pe2610","pesu126","","","pessu126",2015,NA,"female",0,NA,"daughter",0,"unmarried",0,"x","na","na","mitini",NA,NA,NA
1,"pe2611","pesu126","","","pessu126",2011,NA,"female",0,NA,"daughter",0,"unmarried",0.5,"x","na","strong","mitini",NA,NA,NA
1,"pe2612","pesu126","","","pessu126",2017,NA,"male",0,NA,"son",0,"unmarried",0,"x","na","na","mitini",NA,NA,NA
1,"pe2701","pesu127","","","pessu127",1972,NA,"male",1,NA,"focal",1,"married",9,"y","farmer","strong","mitini",NA,NA,NA
1,"pe2702","pesu127","","","pessu127",1965,NA,"female",1,NA,"wife",0,"married",0,"x","farmer","strong","mitini",NA,NA,NA
1,"pe2704","pesu127","","","pessu127",1999,NA,"male",0,NA,"son",0,"unmarried",4,"y","farmer","strong","mitini",NA,NA,NA
1,"pe2705","pesu127","","","pessu127",2001,NA,"male",0,NA,"son",0,"unmarried",2,"y","farmer","strong","mitini",NA,NA,NA
1,"pe2706","pesu127","","","pessu127",2007,NA,"male",0,NA,"son",0,"unmarried",2,"x","na","strong","mitini",NA,NA,NA
1,"pe2707","pesu127","","","pessu127",2009,NA,"male",0,NA,"son",0,"unmarried",1,"x","na","strong","mitini",NA,NA,NA
1,"pe2708","pesu127","","","pessu127",2011,NA,"female",0,NA,"daughter",0,"unmarried",0.5,"x","na","strong","mitini",NA,NA,NA
1,"pe2709","pesu127","","","pessu127",2014,NA,"female",0,NA,"daughter",0,"unmarried",0,"x","na","na","mitini",NA,NA,NA
1,"pe2710","pesu127","","","pessu127",2015,NA,"female",0,NA,"daughter",0,"unmarried",0,"x","na","na","mitini",NA,NA,NA
1,"pe2801","pesu128","","","pessu128",1955,NA,"male",0,NA,"focal",1,"married",0,"x","farmer","weak","mitini",NA,NA,NA
1,"pe2802","pesu128","","","pessu128",1970,NA,"female",0,NA,"wife",0,"married",0,"y","farmer","weak","mitini",NA,NA,NA
1,"pe2803","pesu128","","","pessu128",1984,NA,"male",0,NA,"son",0,"unmarried",6,"x","farmer","strong","mitini",NA,NA,NA
1,"pe2804","pesu128","","","pessu128",1995,NA,"female",0,NA,"daughter",0,"unmarried",9,"x","small business","weak","mitini",NA,NA,NA
1,"pe2805","pesu128","","","pessu128",1998,NA,"male",0,NA,"son",0,"unmarried",2,"x","farmer","medium","mitini",NA,NA,NA
1,"pe2806","pesu128","","","pessu128",2011,NA,"male",0,NA,"grand son",0,"unmarried",0.5,"x","na","strong","mitini",NA,NA,NA
1,"pe2901","pesu129","","","pessu129",1978,NA,"male",0,NA,"focal",1,"married",0,"y","farmer","strong","mitini",NA,NA,NA
1,"pe2902","pesu129","","","pessu129",1975,NA,"female",0,NA,"wife",0,"married",0,"y","farmer","strong","mitini",NA,NA,NA
1,"pe2903","pesu129","","","pessu129",1990,NA,"female",0,NA,"daughter",0,"unmarried",0,"y","farmer","strong","mitini",NA,NA,NA
1,"pe2904","pesu129","","","pessu129",1993,NA,"female",0,NA,"daughter",0,"unmarried",0,"x","none","medium","mitini",NA,NA,NA
1,"pe2905","pesu129","","","pessu129",2008,NA,"female",0,NA,"grand daughter",0,"unmarried",1,"x","na","strong","mitini",NA,NA,NA
1,"pe2906","pesu129","","","pessu129",2013,NA,"male",0,NA,"grand son",0,"unmarried",0.5,"x","na","na","mitini",NA,NA,NA
1,"pe2907","pesu129","","","pessu129",2004,NA,"female",0,NA,"daughter",0,"unmarried",1,"x","missing","strong","mitini",NA,NA,NA
1,"pe3101","na","pesu131","pesu132","pessu131132",1963,NA,"male",1,NA,"focal",1,"married",0,"y","farmer","weak","mitini",NA,NA,NA
1,"pe3102","pesu131","","","pessu131132",1981,NA,"female",0,NA,"wife",0,"married",0,"x","farmer","medium","mitini",NA,NA,NA
1,"pe3103","pesu131","","","pessu131132",2000,NA,"male",0,NA,"son",0,"unmarried",0,"y","crafts","strong","mitini",NA,NA,NA
1,"pe3104","pesu131","","","pessu131132",2003,NA,"male",0,NA,"son",0,"unmarried",0,"x","other","strong","mitini",NA,NA,NA
1,"pe3105","pesu131","","","pessu131132",2006,NA,"male",0,NA,"son",0,"unmarried",0,"x","other","strong","mitini",NA,NA,NA
1,"pe3106","pesu131","","","pessu131132",2010,NA,"male",0,NA,"son",0,"unmarried",0,"x","na","strong","mitini",NA,NA,NA
1,"pe3107","pesu131","","","pessu131132",2012,NA,"female",0,NA,"daughter",0,"unmarried",0,"x","na","strong","mitini",NA,NA,NA
1,"pe3108","pesu131","","","pessu131132",2015,NA,"male",0,NA,"son",0,"unmarried",0,"x","na","na","mitini",NA,NA,NA
1,"pe3109","pesu131","","","pessu131132",2016,NA,"male",0,NA,"son",0,"unmarried",0,"x","na","na","mitini",NA,NA,NA
1,"pe3110","pesu131","","","pessu131132",2009,NA,"female",0,NA,"daughter",0,"unmarried",0,"x","na","strong","mitini",NA,NA,NA
1,"pe3201","pesu132","","","pessu131132",1958,NA,"female",0,NA,"wife",0,"married",0,"y","farmer","medium","mitini",NA,NA,NA
1,"pe3202","pesu132","","","pessu131132",2004,NA,"male",0,NA,"son",0,"unmarried",5,"y","missing","strong","mitini",NA,NA,NA
1,"pe3203","pesu132","","","pessu131132",2008,NA,"male",0,NA,"son",0,"unmarried",2,"x","na","strong","mitini",NA,NA,NA
1,"pe3204","pesu132","","","pessu131132",1999,NA,"female",0,NA,"daughter",0,"unmarried",8,"x","crafts","strong","mitini",NA,NA,NA
1,"pe3205","pesu132","","","pessu131132",2000,NA,"male",0,NA,"son",0,"unmarried",0,"x","crafts","strong","mitini",NA,NA,NA
1,"pe3206","pesu132","","","pessu131132",1996,NA,"male",0,NA,"son",0,"unmarried",0,"y","farmer","strong","mitini",NA,NA,NA
1,"pe3207","pesu132","","","pessu131132",2002,NA,"male",0,NA,"son",0,"unmarried",8,"y","missing","missing","mitini",NA,NA,NA
1,"pe3301","pesu133","","","pessu133",1972,NA,"male",1,NA,"focal",1,"married",5,"y","farmer","weak","mitini",NA,NA,NA
1,"pe3302","pesu133","","","pessu133",1972,NA,"female",0,NA,"wife",0,"married",3,"y","farmer","medium","mitini",NA,NA,NA
1,"pe3303","pesu133","","","pessu133",1995,NA,"male",0,NA,"son",0,"unmarried",4,"x","crafts","strong","mitini",NA,NA,NA
1,"pe3304","pesu133","","","pessu133",1998,NA,"male",0,NA,"son",0,"unmarried",4,"x","crafts","strong","mitini",NA,NA,NA
1,"pe3305","pesu133","","","pessu133",2000,NA,"male",0,NA,"son",0,"unmarried",2,"x","none","medium","mitini",NA,NA,NA
1,"pe3306","pesu133","","","pessu133",2001,NA,"female",0,NA,"daughter",0,"unmarried",2,"x","none","strong","mitini",NA,NA,NA
1,"pe3307","pesu133","","","pessu133",2002,NA,"female",0,NA,"daughter",0,"unmarried",6,"x","none","strong","mitini",NA,NA,NA
1,"pe3308","pesu133","","","pessu133",2004,NA,"male",0,NA,"son",0,"unmarried",5,"x","none","strong","mitini",NA,NA,NA
1,"pe3309","pesu133","","","pessu133",2006,NA,"female",0,NA,"daughter",0,"unmarried",2,"x","none","strong","mitini",NA,NA,NA
1,"pe3310","pesu133","","","pessu133",2009,NA,"female",0,NA,"daughter",0,"unmarried",2,"x","na","strong","mitini",NA,NA,NA
1,"pe3311","pesu133","","","pessu133",2012,NA,"male",0,NA,"son",0,"unmarried",0.5,"x","na","strong","mitini",NA,NA,NA
1,"pe3401","pesu134","","","pessu134",1968,NA,"male",0,NA,"focal",1,"married",0,"y","fisher","medium","mitini",NA,NA,NA
1,"pe3402","pesu134","","","pessu134",1975,NA,"female",0,NA,"wife",0,"married",2,"y","farmer","strong","mitini",NA,NA,NA
1,"pe3403","pesu134","","","pessu134",1998,NA,"female",0,NA,"daughter",0,"unmarried",0,"y","none","strong","mitini",NA,NA,NA
1,"pe3404","pesu134","","","pessu134",2003,NA,"female",0,NA,"daughter",0,"unmarried",0,"y","small business","strong","mitini",NA,NA,NA
1,"pe3405","pesu134","","","pessu134",1998,NA,"male",0,NA,"son",0,"unmarried",0,"y","none","strong","mitini",NA,NA,NA
1,"pe3406","pesu134","","","pessu134",2003,NA,"male",0,NA,"son",0,"unmarried",0,"x","none","strong","mitini",NA,NA,NA
1,"pe3407","pesu134","","","pessu134",2008,NA,"male",0,NA,"son",0,"unmarried",4,"x","na","strong","mitini",NA,NA,NA
1,"pe3408","pesu134","","","pessu134",2010,NA,"male",0,NA,"son",0,"unmarried",0,"x","na","strong","mitini",NA,NA,NA
1,"pe3409","pesu134","","","pessu134",2013,NA,"female",0,NA,"daughter",0,"unmarried",0,"x","na","na","mitini",NA,NA,NA
1,"pe3410","pesu134","","","pessu134",2014,NA,"male",0,NA,"son",0,"unmarried",1,"x","na","na","mitini",NA,NA,NA
1,"pe3411","pesu134","","","pessu134",2018,NA,"male",0,NA,"grand son",0,"unmarried",0,"x","na","na","mitini",NA,NA,NA
1,"pe3412","pesu134","","","pessu134",2017,NA,"female",0,NA,"daughter",0,"unmarried",0,"x","na","na","mitini",NA,NA,NA
1,"pe3501","pesu135","","","pessu135",1955,NA,"male",1,NA,"focal",1,"married",0,"x","farmer","medium","mitini",NA,NA,NA
1,"pe3502","pesu135","","","pessu135",1962,NA,"female",1,NA,"wife",0,"married",0,"y","farmer","medium","mitini",NA,NA,NA
1,"pe3504","pesu135","","","pessu135",2002,NA,"female",0,NA,"neice",0,"unmarried",8,"x","small business","strong","mitini",NA,NA,NA
1,"pe3505","pesu135","","","pessu135",2006,NA,"female",0,NA,"grand daughter",0,"unmarried",3,"x","small business","strong","mitini",NA,NA,NA
1,"pe3506","pesu135","","","pessu135",2011,NA,"female",0,NA,"grand daughter",0,"unmarried",2,"x","na","strong","mitini",NA,NA,NA
1,"pe3510","","","","",NA,NA,"",NA,NA,"",NA,"",NA,"","","","",NA,NA,NA
1,"pe3701","pesu137","","","pessu137",1994,NA,"male",1,NA,"focal",1,"married",7,"y","crafts","strong","mitini",NA,NA,NA
1,"pe3702","pesu137","","","pessu137",1997,NA,"female",0,NA,"wife",0,"married",7,"y","crafts","weak","mitini",NA,NA,NA
1,"pe3703","pesu137","","","pessu137",2017,NA,"female",0,NA,"daughter",0,"unmarried",0,"x","na","na","mitini",NA,NA,NA
1,"pe3801","pesu138","","","pessu138",1948,NA,"male",0,NA,"focal",1,"married",0,"y","farmer","medium","mitini",NA,NA,NA
1,"pe3802","pesu138","","","pessu138",1960,NA,"female",0,NA,"wife",0,"married",0,"y","farmer","strong","mitini",NA,NA,NA
1,"pe3803","pesu138","","","pessu138",1997,NA,"male",0,NA,"son",0,"unmarried",8,"x","farmer","strong","mitini",NA,NA,NA
1,"pe3901","pesu139","","","pessu139",1944,NA,"female",0,NA,"focal",1,"widow",0,"y","small business","weak","mitini",NA,NA,NA
1,"pe3902","pesu139","","","pessu139",2003,NA,"female",0,NA,"grand daughter",0,"unmarried",8,"y","other","strong","mitini",NA,NA,NA
1,"pe3903","pesu139","","","pessu139",2007,NA,"female",0,NA,"grand daughter",0,"unmarried",1,"x","na","strong","mitini",NA,NA,NA
1,"pe3904","pesu139","","","pessu139",1999,NA,"male",0,NA,"grand son",0,"unmarried",8,"x","none","strong","mitini",NA,NA,NA
1,"pe4101","pesu138","","","pessu138",1991,NA,"male",0,NA,"son in law",0,"married",5,"x","farmer","strong","mitini",NA,NA,NA
1,"pe4102","pesu138","","","pessu138",1995,NA,"female",0,NA,"daughter",0,"married",0,"y","farmer","medium","mitini",NA,NA,NA
1,"pe4103","pesu138","","","pessu138",2016,NA,"male",0,NA,"grand son",0,"unmarried",0,"x","na","na","mitini",NA,NA,NA
1,"pe4104","pesu138","","","pessu138",2017,NA,"female",0,NA,"grand daughter",0,"unmarried",0,"x","na","na","mitini",NA,NA,NA
1,"pe4301","pesu143","","","pessu143",1979,NA,"male",0,NA,"focal",1,"married",7,"y","farmer","strong","mitini",NA,NA,NA
1,"pe4302","pesu143","","","pessu143",1987,NA,"female",0,NA,"wife",0,"married",0,"y","farmer","strong","mitini",NA,NA,NA
1,"pe4303","pesu143","","","pessu143",2001,NA,"female",0,NA,"daughter",0,"unmarried",5,"y","farmer","strong","mitini",NA,NA,NA
1,"pe4304","pesu143","","","pessu143",2002,NA,"male",0,NA,"son",0,"unmarried",8,"y","farmer","strong","mitini",NA,NA,NA
1,"pe4305","pesu143","","","pessu143",2004,NA,"female",0,NA,"daughter",0,"unmarried",5,"y","farmer","strong","mitini",NA,NA,NA
1,"pe4306","pesu143","","","pessu143",2005,NA,"male",0,NA,"son",0,"unmarried",3,"y","farmer","strong","mitini",NA,NA,NA
1,"pe4307","pesu143","","","pessu143",2007,NA,"male",0,NA,"son",0,"unmarried",2,"y","na","strong","mitini",NA,NA,NA
1,"pe4308","pesu143","","","pessu143",2009,NA,"female",0,NA,"daughter",0,"unmarried",1,"x","na","strong","mitini",NA,NA,NA
1,"pe4309","pesu143","","","pessu143",2012,NA,"female",0,NA,"daughter",0,"unmarried",0.5,"x","na","strong","mitini",NA,NA,NA
1,"pe4310","pesu143","","","pessu143",2015,NA,"female",0,NA,"daughter",0,"unmarried",0,"x","na","na","mitini",NA,NA,NA
1,"pe4311","pesu143","","","pessu143",2017,NA,"female",0,NA,"daughter",0,"unmarried",0,"x","na","na","mitini",NA,NA,NA
1,"pe4401","pesu144","","","pessu144",1948,NA,"male",0,NA,"focal",1,"married",0,"y","farmer","weak","mitini",NA,NA,NA
1,"pe4402","pesu144","","","pessu144",1962,NA,"female",0,NA,"wife",0,"married",0,"y","farmer","medium","mitini",NA,NA,NA
1,"pe4403","pesu144","","","pessu144",1995,NA,"male",0,NA,"son",0,"unmarried",13,"y","farmer","strong","mitini",NA,NA,NA
1,"pe4404","pesu144","","","pessu144",2010,NA,"female",0,NA,"grand daughter",0,"unmarried",0,"x","na","strong","mitini",NA,NA,NA
1,"pe4501","na","pesu145","pesu157","pessu145157",1978,NA,"male",1,NA,"focal",1,"married",2,"y","farmer","medium","mitini",NA,NA,NA
1,"pe4502","pesu145","","","pessu145157",1978,NA,"female",0,NA,"wife",0,"married",0,"y","farmer","medium","mitini",NA,NA,NA
1,"pe4503","pesu145","","","pessu145157",2004,NA,"female",0,NA,"daughter",0,"unmarried",8,"x","none","strong","mitini",NA,NA,NA
1,"pe4504","pesu145","","","pessu145157",2002,NA,"male",0,NA,"son",0,"unmarried",10,"x","none","weak","mitini",NA,NA,NA
1,"pe4505","pesu145","","","pessu145157",2006,NA,"male",0,NA,"son",0,"unmarried",6,"y","none","medium","mitini",NA,NA,NA
1,"pe4506","pesu145","","","pessu145157",2008,NA,"female",0,NA,"daughter",0,"unmarried",3,"x","na","medium","mitini",NA,NA,NA
1,"pe4507","pesu145","","","pessu145157",2010,NA,"male",0,NA,"son",0,"unmarried",1,"x","na","strong","mitini",NA,NA,NA
1,"pe4508","pesu145","","","pessu145157",2012,NA,"male",0,NA,"son",0,"unmarried",1,"x","na","medium","mitini",NA,NA,NA
1,"pe4701","pesu147","","","pessu147",1995,NA,"male",0,NA,"focal",1,"married",7,"y","farmer","strong","mitini",NA,NA,NA
1,"pe4702","pesu147","","","pessu147",2000,NA,"female",0,NA,"wife",0,"married",8,"x","farmer","strong","mitini",NA,NA,NA
1,"pe4801","pesu148","","","pessu148",1992,NA,"male",1,NA,"focal",1,"married",5,"y","farmer","strong","mitini",NA,NA,NA
1,"pe4802","pesu148","","","pessu148",1996,NA,"female",0,NA,"wife",0,"married",5,"y","none","strong","mitini",NA,NA,NA
1,"pe4803","pesu148","","","pessu148",2013,NA,"female",0,NA,"daughter",0,"unmarried",0.5,"x","na","na","mitini",NA,NA,NA
1,"pe4804","pesu148","","","pessu148",2015,NA,"female",0,NA,"daughter",0,"unmarried",0,"x","na","na","mitini",NA,NA,NA
1,"pe4805","pesu148","","","pessu148",2017,NA,"male",0,NA,"son",0,"unmarried",0,"x","na","na","mitini",NA,NA,NA
1,"pe4901","pesu149","","","pessu149",1972,NA,"male",1,NA,"focal",1,"married",0,"y","farmer","medium","mitini",NA,NA,NA
1,"pe4902","pesu149","","","pessu149",1973,NA,"female",0,NA,"wife",0,"married",0,"x","farmer","strong","mitini",NA,NA,NA
1,"pe4903","","","","",NA,NA,"",NA,NA,"",NA,"",NA,"","","","",NA,NA,NA
1,"pe4904","pesu149","","","pessu149",2001,NA,"male",0,NA,"son",0,"unmarried",9,"x","none","strong","mitini",NA,NA,NA
1,"pe4905","pesu149","","","pessu149",2003,NA,"male",0,NA,"son",0,"unmarried",6,"x","none","strong","mitini",NA,NA,NA
1,"pe4906","pesu149","","","pessu149",2005,NA,"female",0,NA,"daughter",0,"unmarried",2,"x","none","strong","mitini",NA,NA,NA
1,"pe4907","pesu149","","","pessu149",2008,NA,"female",0,NA,"daughter",0,"unmarried",2,"x","na","strong","mitini",NA,NA,NA
1,"pe4908","pesu149","","","pessu149",2011,NA,"female",0,NA,"daughter",0,"unmarried",1,"x","na","strong","mitini",NA,NA,NA
1,"pe4909","pesu149","","","pessu149",2014,NA,"female",0,NA,"daughter",0,"unmarried",0,"x","na","na","mitini",NA,NA,NA
1,"pe4910","pesu149","","","pessu149",2016,NA,"female",0,NA,"daughter",0,"unmarried",0,"x","na","na","mitini",NA,NA,NA
1,"pe5201","na","pesu152","pesu154","pessu152154",1969,NA,"male",0,NA,"focal",1,"married",0,"y","farmer","strong","mitini",NA,NA,NA
1,"pe5202","pesu152","","","pessu152154",1996,NA,"female",0,NA,"wife",0,"married",7,"x","farmer","strong","mitini",NA,NA,NA
1,"pe5203","pesu152","","","pessu152154",2015,NA,"male",0,NA,"step son",0,"unmarried",0,"x","na","na","mitini",NA,NA,NA
1,"pe5204","pesu152","","","pessu152154",2017,NA,"male",0,NA,"son",0,"unmarried",0,"x","na","na","mitini",NA,NA,NA
1,"pe5301","","","","",NA,NA,"",NA,NA,"",NA,"",NA,"","","","",NA,NA,NA
1,"pe5401","pesu154","","","pessu152154",1979,NA,"female",1,NA,"wife",0,"married",2,"y","farmer","strong","mitini",NA,NA,NA
1,"pe5402","pesu154","","","pessu152154",1994,NA,"female",0,NA,"daughter",0,"unmarried",0,"y","farmer","strong","mitini",NA,NA,NA
1,"pe5403","pesu154","","","pessu152154",1996,NA,"female",0,NA,"daughter",0,"unmarried",0,"y","farmer","weak","mitini",NA,NA,NA
1,"pe5404","pesu154","","","pessu152154",1998,NA,"female",0,NA,"daughter",0,"unmarried",0,"y","farmer","strong","mitini",NA,NA,NA
1,"pe5405","pesu154","","","pessu152154",2000,NA,"female",0,NA,"daughter",0,"unmarried",0,"y","farmer","strong","mitini",NA,NA,NA
1,"pe5406","pesu154","","","pessu152154",2002,NA,"male",0,NA,"son",0,"unmarried",0,"y","farmer","strong","mitini",NA,NA,NA
1,"pe5407","pesu154","","","pessu152154",2004,NA,"female",0,NA,"daughter",0,"unmarried",0,"x","missing","missing","mitini",NA,NA,NA
1,"pe5408","pesu154","","","pessu152154",2006,NA,"male",0,NA,"son",0,"unmarried",0,"x","missing","missing","mitini",NA,NA,NA
1,"pe5409","pesu154","","","pessu152154",2008,NA,"male",0,NA,"son",0,"unmarried",0,"x","na","strong","mitini",NA,NA,NA
1,"pe5410","pesu154","","","pessu152154",2010,NA,"female",0,NA,"daughter",0,"unmarried",0,"x","na","weak","mitini",NA,NA,NA
1,"pe5411","pesu154","","","pessu152154",2012,NA,"female",0,NA,"daughter",0,"unmarried",0,"x","na","strong","mitini",NA,NA,NA
1,"pe5412","pesu154","","","pessu152154",2014,NA,"male",0,NA,"son",0,"unmarried",0,"x","na","na","mitini",NA,NA,NA
1,"pe5701","pesu157","","","pessu145157",1993,NA,"female",0,NA,"wife",0,"married",5,"y","farmer","strong","mitini",NA,NA,NA
1,"pe5702","pesu157","","","pessu145157",2015,NA,"male",0,NA,"son",0,"unmarried",0,"y","na","na","mitini",NA,NA,NA
1,"pe5703","pesu157","","","pessu145157",2017,NA,"male",0,NA,"son",0,"unmarried",0,"x","na","na","mitini",NA,NA,NA
1,"pe6002","","","","",NA,NA,"",NA,NA,"",NA,"",NA,"","","","",NA,NA,NA
1,"pe6101","na","pesu104","pesu161","pessu104161",1980,NA,"male",1,NA,"focal",1,"married",0,"y","farmer","strong","mitini",NA,NA,NA
1,"pe6102","pesu161","","","pessu104161",1989,NA,"female",0,NA,"wife",0,"married",0,"y","farmer","strong","mitini",NA,NA,NA
1,"pe6103","pesu161","","","pessu104161",2011,NA,"male",0,NA,"son",0,"unmarried",1,"x","na","strong","mitini",NA,NA,NA
1,"pe6104","pesu161","","","pessu104161",2013,NA,"female",0,NA,"daughter",0,"unmarried",0.5,"x","na","na","mitini",NA,NA,NA
1,"pe6105","pesu161","","","pessu104161",2014,NA,"male",0,NA,"son",0,"unmarried",0,"x","na","na","mitini",NA,NA,NA
1,"pe6106","pesu161","","","pessu104161",2016,NA,"male",0,NA,"son",0,"unmarried",0,"x","na","na","mitini",NA,NA,NA
1,"pe6107","pesu161","","","pessu104161",2018,NA,"female",0,NA,"daughter",0,"unmarried",0,"x","na","na","mitini",NA,NA,NA
1,"pe6201","pesu162","","","pessu162",1996,NA,"male",0,NA,"focal",1,"widower/divorcee",6,"y","crafts","strong","mitini",NA,NA,NA
1,"pe7001","","","","",NA,NA,"",NA,NA,"",NA,"",NA,"","","","",NA,NA,NA
1,"pe7002","","","","",NA,NA,"",NA,NA,"",NA,"",NA,"","","","",NA,NA,NA
1,"pe7003","","","","",NA,NA,"",NA,NA,"",NA,"",NA,"","","","",NA,NA,NA
1,"pe7004","","","","",NA,NA,"",NA,NA,"",NA,"",NA,"","","","",NA,NA,NA
1,"pe7005","","","","",NA,NA,"",NA,NA,"",NA,"",NA,"","","","",NA,NA,NA
1,"pe7007","","","","",NA,NA,"",NA,NA,"",NA,"",NA,"","","","",NA,NA,NA
1,"pe7008","","","","",NA,NA,"",NA,NA,"",NA,"",NA,"","","","",NA,NA,NA
1,"pe7009","","","","",NA,NA,"",NA,NA,"",NA,"",NA,"","","","",NA,NA,NA
1,"pe7010","","","","",NA,NA,"",NA,NA,"",NA,"",NA,"","","","",NA,NA,NA
1,"pe7011","","","","",NA,NA,"",NA,NA,"",NA,"",NA,"","","","",NA,NA,NA
1,"pe7012","","","","",NA,NA,"",NA,NA,"",NA,"",NA,"","","","",NA,NA,NA
1,"pe7013","","","","",NA,NA,"",NA,NA,"",NA,"",NA,"","","","",NA,NA,NA
1,"pe7014","","","","",NA,NA,"",NA,NA,"",NA,"",NA,"","","","",NA,NA,NA
1,"pe7015","","","","",NA,NA,"",NA,NA,"",NA,"",NA,"","","","",NA,NA,NA
1,"pe7016","","","","",NA,NA,"",NA,NA,"",NA,"",NA,"","","","",NA,NA,NA
1,"pe7017","","","","",NA,NA,"",NA,NA,"",NA,"",NA,"","","","",NA,NA,NA
1,"pe7018","","","","",NA,NA,"",NA,NA,"",NA,"",NA,"","","","",NA,NA,NA
1,"pe7019","","","","",NA,NA,"",NA,NA,"",NA,"",NA,"","","","",NA,NA,NA
1,"pe7020","","","","",NA,NA,"",NA,NA,"",NA,"",NA,"","","","",NA,NA,NA
1,"pe7021","","","","",NA,NA,"",NA,NA,"",NA,"",NA,"","","","",NA,NA,NA
1,"pe7022","","","","",NA,NA,"",NA,NA,"",NA,"",NA,"","","","",NA,NA,NA
1,"pe7023","","","","",NA,NA,"",NA,NA,"",NA,"",NA,"","","","",NA,NA,NA
1,"pe7024","","","","",NA,NA,"",NA,NA,"",NA,"",NA,"","","","",NA,NA,NA
1,"pe7025","","","","",NA,NA,"",NA,NA,"",NA,"",NA,"","","","",NA,NA,NA
1,"pe7026","","","","",NA,NA,"",NA,NA,"",NA,"",NA,"","","","",NA,NA,NA
1,"pe7027","","","","",NA,NA,"",NA,NA,"",NA,"",NA,"","","","",NA,NA,NA
1,"pe7028","","","","",NA,NA,"",NA,NA,"",NA,"",NA,"","","","",NA,NA,NA
1,"pe7029","","","","",NA,NA,"",NA,NA,"",NA,"",NA,"","","","",NA,NA,NA
1,"pe7030","","","","",NA,NA,"",NA,NA,"",NA,"",NA,"","","","",NA,NA,NA
1,"pe7031","","","","",NA,NA,"",NA,NA,"",NA,"",NA,"","","","",NA,NA,NA
1,"pe7032","","","","",NA,NA,"",NA,NA,"",NA,"",NA,"","","","",NA,NA,NA
1,"pe7033","","","","",NA,NA,"",NA,NA,"",NA,"",NA,"","","","",NA,NA,NA
1,"pe7034","","","","",NA,NA,"",NA,NA,"",NA,"",NA,"","","","",NA,NA,NA
1,"pe7035","","","","",NA,NA,"",NA,NA,"",NA,"",NA,"","","","",NA,NA,NA
1,"pe7036","","","","",NA,NA,"",NA,NA,"",NA,"",NA,"","","","",NA,NA,NA
1,"pe7037","","","","",NA,NA,"",NA,NA,"",NA,"",NA,"","","","",NA,NA,NA
1,"pe7038","","","","",NA,NA,"",NA,NA,"",NA,"",NA,"","","","",NA,NA,NA
1,"pe7039","","","","",NA,NA,"",NA,NA,"",NA,"",NA,"","","","",NA,NA,NA
1,"pe7040","","","","",NA,NA,"",NA,NA,"",NA,"",NA,"","","","",NA,NA,NA
1,"pe7041","","","","",NA,NA,"",NA,NA,"",NA,"",NA,"","","","",NA,NA,NA
1,"pe7042","","","","",NA,NA,"",NA,NA,"",NA,"",NA,"","","","",NA,NA,NA
1,"pe7043","","","","",NA,NA,"",NA,NA,"",NA,"",NA,"","","","",NA,NA,NA
1,"pe7044","","","","",NA,NA,"",NA,NA,"",NA,"",NA,"","","","",NA,NA,NA
1,"pe7045","","","","",NA,NA,"",NA,NA,"",NA,"",NA,"","","","",NA,NA,NA
1,"pe7046","","","","",NA,NA,"",NA,NA,"",NA,"",NA,"","","","",NA,NA,NA
1,"pe7047","","","","",NA,NA,"",NA,NA,"",NA,"",NA,"","","","",NA,NA,NA
1,"pe7048","","","","",NA,NA,"",NA,NA,"",NA,"",NA,"","","","",NA,NA,NA
1,"pe7049","","","","",NA,NA,"",NA,NA,"",NA,"",NA,"","","","",NA,NA,NA
1,"pe7050","","","","",NA,NA,"",NA,NA,"",NA,"",NA,"","","","",NA,NA,NA
1,"pe7051","","","","",NA,NA,"",NA,NA,"",NA,"",NA,"","","","",NA,NA,NA
1,"pe7052","","","","",NA,NA,"",NA,NA,"",NA,"",NA,"","","","",NA,NA,NA
1,"pe7053","","","","",NA,NA,"",NA,NA,"",NA,"",NA,"","","","",NA,NA,NA
1,"pe7054","","","","",NA,NA,"",NA,NA,"",NA,"",NA,"","","","",NA,NA,NA
1,"pe7055","","","","",NA,NA,"",NA,NA,"",NA,"",NA,"","","","",NA,NA,NA
1,"pe7056","","","","",NA,NA,"",NA,NA,"",NA,"",NA,"","","","",NA,NA,NA
1,"pe7057","","","","",NA,NA,"",NA,NA,"",NA,"",NA,"","","","",NA,NA,NA
1,"pe7058","","","","",NA,NA,"",NA,NA,"",NA,"",NA,"","","","",NA,NA,NA
1,"pe7059","","","","",NA,NA,"",NA,NA,"",NA,"",NA,"","","","",NA,NA,NA
1,"pe7060","","","","",NA,NA,"",NA,NA,"",NA,"",NA,"","","","",NA,NA,NA
1,"pe7061","","","","",NA,NA,"",NA,NA,"",NA,"",NA,"","","","",NA,NA,NA
1,"pe7063","","","","",NA,NA,"",NA,NA,"",NA,"",NA,"","","","",NA,NA,NA
1,"pe7064","","","","",NA,NA,"",NA,NA,"",NA,"",NA,"","","","",NA,NA,NA
1,"pe7065","","","","",NA,NA,"",NA,NA,"",NA,"",NA,"","","","",NA,NA,NA
1,"pe7066","","","","",NA,NA,"",NA,NA,"",NA,"",NA,"","","","",NA,NA,NA
1,"pe7067","","","","",NA,NA,"",NA,NA,"",NA,"",NA,"","","","",NA,NA,NA
1,"pe7068","","","","",NA,NA,"",NA,NA,"",NA,"",NA,"","","","",NA,NA,NA
1,"pe7069","","","","",NA,NA,"",NA,NA,"",NA,"",NA,"","","","",NA,NA,NA
1,"pe7070","","","","",NA,NA,"",NA,NA,"",NA,"",NA,"","","","",NA,NA,NA
1,"pe7071","","","","",NA,NA,"",NA,NA,"",NA,"",NA,"","","","",NA,NA,NA
1,"pe7072","","","","",NA,NA,"",NA,NA,"",NA,"",NA,"","","","",NA,NA,NA
1,"pe7073","","","","",NA,NA,"",NA,NA,"",NA,"",NA,"","","","",NA,NA,NA
1,"pe7074","","","","",NA,NA,"",NA,NA,"",NA,"",NA,"","","","",NA,NA,NA
1,"pe7075","","","","",NA,NA,"",NA,NA,"",NA,"",NA,"","","","",NA,NA,NA
1,"pe7076","","","","",NA,NA,"",NA,NA,"",NA,"",NA,"","","","",NA,NA,NA
1,"pe7077","","","","",NA,NA,"",NA,NA,"",NA,"",NA,"","","","",NA,NA,NA
1,"pe7078","","","","",NA,NA,"",NA,NA,"",NA,"",NA,"","","","",NA,NA,NA
1,"pe7079","","","","",NA,NA,"",NA,NA,"",NA,"",NA,"","","","",NA,NA,NA
1,"pe7080","","","","",NA,NA,"",NA,NA,"",NA,"",NA,"","","","",NA,NA,NA
1,"pe7081","","","","",NA,NA,"",NA,NA,"",NA,"",NA,"","","","",NA,NA,NA
1,"pe7082","","","","",NA,NA,"",NA,NA,"",NA,"",NA,"","","","",NA,NA,NA
1,"pe7083","","","","",NA,NA,"",NA,NA,"",NA,"",NA,"","","","",NA,NA,NA
1,"pe7084","","","","",NA,NA,"",NA,NA,"",NA,"",NA,"","","","",NA,NA,NA
1,"pe7085","","","","",NA,NA,"",NA,NA,"",NA,"",NA,"","","","",NA,NA,NA
1,"pe7086","","","","",NA,NA,"",NA,NA,"",NA,"",NA,"","","","",NA,NA,NA
1,"pe7087","","","","",NA,NA,"",NA,NA,"",NA,"",NA,"","","","",NA,NA,NA
1,"pe7088","","","","",NA,NA,"",NA,NA,"",NA,"",NA,"","","","",NA,NA,NA
1,"pe7089","","","","",NA,NA,"",NA,NA,"",NA,"",NA,"","","","",NA,NA,NA
1,"pe7090","","","","",NA,NA,"",NA,NA,"",NA,"",NA,"","","","",NA,NA,NA
1,"pe7091","","","","",NA,NA,"",NA,NA,"",NA,"",NA,"","","","",NA,NA,NA
1,"pe7092","","","","",NA,NA,"",NA,NA,"",NA,"",NA,"","","","",NA,NA,NA
1,"pe7094","","","","",NA,NA,"",NA,NA,"",NA,"",NA,"","","","",NA,NA,NA
1,"pe7096","","","","",NA,NA,"",NA,NA,"",NA,"",NA,"","","","",NA,NA,NA
1,"pe7097","","","","",NA,NA,"",NA,NA,"",NA,"",NA,"","","","",NA,NA,NA
1,"pe7098","","","","",NA,NA,"",NA,NA,"",NA,"",NA,"","","","",NA,NA,NA
1,"pe7099","","","","",NA,NA,"",NA,NA,"",NA,"",NA,"","","","",NA,NA,NA
1,"pe7100","","","","",NA,NA,"",NA,NA,"",NA,"",NA,"","","","",NA,NA,NA
1,"pe7101","","","","",NA,NA,"",NA,NA,"",NA,"",NA,"","","","",NA,NA,NA
1,"pe7102","","","","",NA,NA,"",NA,NA,"",NA,"",NA,"","","","",NA,NA,NA
1,"pe7103","","","","",NA,NA,"",NA,NA,"",NA,"",NA,"","","","",NA,NA,NA
1,"pe7104","","","","",NA,NA,"",NA,NA,"",NA,"",NA,"","","","",NA,NA,NA
1,"pe7105","","","","",NA,NA,"",NA,NA,"",NA,"",NA,"","","","",NA,NA,NA
1,"pe7106","","","","",NA,NA,"",NA,NA,"",NA,"",NA,"","","","",NA,NA,NA
1,"pe7107","","","","",NA,NA,"",NA,NA,"",NA,"",NA,"","","","",NA,NA,NA
1,"pe7108","","","","",NA,NA,"",NA,NA,"",NA,"",NA,"","","","",NA,NA,NA
1,"pe7109","","","","",NA,NA,"",NA,NA,"",NA,"",NA,"","","","",NA,NA,NA
1,"pe7110","","","","",NA,NA,"",NA,NA,"",NA,"",NA,"","","","",NA,NA,NA
1,"pe7111","","","","",NA,NA,"",NA,NA,"",NA,"",NA,"","","","",NA,NA,NA
1,"pe7112","","","","",NA,NA,"",NA,NA,"",NA,"",NA,"","","","",NA,NA,NA
1,"pe7113","","","","",NA,NA,"",NA,NA,"",NA,"",NA,"","","","",NA,NA,NA
1,"pe7114","","","","",NA,NA,"",NA,NA,"",NA,"",NA,"","","","",NA,NA,NA
1,"pe7115","","","","",NA,NA,"",NA,NA,"",NA,"",NA,"","","","",NA,NA,NA
1,"pe7116","","","","",NA,NA,"",NA,NA,"",NA,"",NA,"","","","",NA,NA,NA
1,"pe7117","","","","",NA,NA,"",NA,NA,"",NA,"",NA,"","","","",NA,NA,NA
1,"pe7118","","","","",NA,NA,"",NA,NA,"",NA,"",NA,"","","","",NA,NA,NA
1,"pe7119","","","","",NA,NA,"",NA,NA,"",NA,"",NA,"","","","",NA,NA,NA
1,"pe7120","","","","",NA,NA,"",NA,NA,"",NA,"",NA,"","","","",NA,NA,NA
1,"pe7121","","","","",NA,NA,"",NA,NA,"",NA,"",NA,"","","","",NA,NA,NA
1,"pe7122","","","","",NA,NA,"",NA,NA,"",NA,"",NA,"","","","",NA,NA,NA
1,"pe7123","","","","",NA,NA,"",NA,NA,"",NA,"",NA,"","","","",NA,NA,NA
1,"pe7124","","","","",NA,NA,"",NA,NA,"",NA,"",NA,"","","","",NA,NA,NA
1,"pe7125","","","","",NA,NA,"",NA,NA,"",NA,"",NA,"","","","",NA,NA,NA
1,"pe7126","","","","",NA,NA,"",NA,NA,"",NA,"",NA,"","","","",NA,NA,NA
1,"pe7127","","","","",NA,NA,"",NA,NA,"",NA,"",NA,"","","","",NA,NA,NA
1,"pe7128","","","","",NA,NA,"",NA,NA,"",NA,"",NA,"","","","",NA,NA,NA
1,"pe7129","","","","",NA,NA,"",NA,NA,"",NA,"",NA,"","","","",NA,NA,NA
1,"pe7130","","","","",NA,NA,"",NA,NA,"",NA,"",NA,"","","","",NA,NA,NA
1,"pe7131","","","","",NA,NA,"",NA,NA,"",NA,"",NA,"","","","",NA,NA,NA
1,"pe7132","","","","",NA,NA,"",NA,NA,"",NA,"",NA,"","","","",NA,NA,NA
1,"pe7133","","","","",NA,NA,"",NA,NA,"",NA,"",NA,"","","","",NA,NA,NA
1,"pe7134","","","","",NA,NA,"",NA,NA,"",NA,"",NA,"","","","",NA,NA,NA
1,"pe7135","","","","",NA,NA,"",NA,NA,"",NA,"",NA,"","","","",NA,NA,NA
1,"pe7136","","","","",NA,NA,"",NA,NA,"",NA,"",NA,"","","","",NA,NA,NA
1,"pe7137","","","","",NA,NA,"",NA,NA,"",NA,"",NA,"","","","",NA,NA,NA
1,"pe7138","","","","",NA,NA,"",NA,NA,"",NA,"",NA,"","","","",NA,NA,NA
1,"pe7140","","","","",NA,NA,"",NA,NA,"",NA,"",NA,"","","","",NA,NA,NA
1,"pe7141","","","","",NA,NA,"",NA,NA,"",NA,"",NA,"","","","",NA,NA,NA
1,"pe7142","","","","",NA,NA,"",NA,NA,"",NA,"",NA,"","","","",NA,NA,NA
1,"pe7143","","","","",NA,NA,"",NA,NA,"",NA,"",NA,"","","","",NA,NA,NA
1,"pe7144","","","","",NA,NA,"",NA,NA,"",NA,"",NA,"","","","",NA,NA,NA
1,"pe7145","","","","",NA,NA,"",NA,NA,"",NA,"",NA,"","","","",NA,NA,NA
1,"pe7146","","","","",NA,NA,"",NA,NA,"",NA,"",NA,"","","","",NA,NA,NA
1,"pe7147","","","","",NA,NA,"",NA,NA,"",NA,"",NA,"","","","",NA,NA,NA
1,"pe7148","","","","",NA,NA,"",NA,NA,"",NA,"",NA,"","","","",NA,NA,NA
1,"pe7149","","","","",NA,NA,"",NA,NA,"",NA,"",NA,"","","","",NA,NA,NA
1,"pe7150","","","","",NA,NA,"",NA,NA,"",NA,"",NA,"","","","",NA,NA,NA
1,"pe7151","","","","",NA,NA,"",NA,NA,"",NA,"",NA,"","","","",NA,NA,NA
1,"pe7152","","","","",NA,NA,"",NA,NA,"",NA,"",NA,"","","","",NA,NA,NA
1,"pe7153","","","","",NA,NA,"",NA,NA,"",NA,"",NA,"","","","",NA,NA,NA
1,"pe7154","","","","",NA,NA,"",NA,NA,"",NA,"",NA,"","","","",NA,NA,NA
1,"pe7156","","","","",NA,NA,"",NA,NA,"",NA,"",NA,"","","","",NA,NA,NA
1,"pe7157","","","","",NA,NA,"",NA,NA,"",NA,"",NA,"","","","",NA,NA,NA
1,"pe7158","","","","",NA,NA,"",NA,NA,"",NA,"",NA,"","","","",NA,NA,NA
1,"pe7159","","","","",NA,NA,"",NA,NA,"",NA,"",NA,"","","","",NA,NA,NA
1,"pe7160","","","","",NA,NA,"",NA,NA,"",NA,"",NA,"","","","",NA,NA,NA
1,"pe7161","","","","",NA,NA,"",NA,NA,"",NA,"",NA,"","","","",NA,NA,NA
1,"pe7162","","","","",NA,NA,"",NA,NA,"",NA,"",NA,"","","","",NA,NA,NA
1,"pe7163","","","","",NA,NA,"",NA,NA,"",NA,"",NA,"","","","",NA,NA,NA
1,"pe7164","","","","",NA,NA,"",NA,NA,"",NA,"",NA,"","","","",NA,NA,NA
1,"pe7165","","","","",NA,NA,"",NA,NA,"",NA,"",NA,"","","","",NA,NA,NA
1,"pe7166","","","","",NA,NA,"",NA,NA,"",NA,"",NA,"","","","",NA,NA,NA
1,"pe7167","","","","",NA,NA,"",NA,NA,"",NA,"",NA,"","","","",NA,NA,NA
1,"pe7168","","","","",NA,NA,"",NA,NA,"",NA,"",NA,"","","","",NA,NA,NA
1,"pe7169","","","","",NA,NA,"",NA,NA,"",NA,"",NA,"","","","",NA,NA,NA
1,"pe7170","","","","",NA,NA,"",NA,NA,"",NA,"",NA,"","","","",NA,NA,NA
1,"pe7171","","","","",NA,NA,"",NA,NA,"",NA,"",NA,"","","","",NA,NA,NA
1,"pe7172","","","","",NA,NA,"",NA,NA,"",NA,"",NA,"","","","",NA,NA,NA
1,"pe7173","","","","",NA,NA,"",NA,NA,"",NA,"",NA,"","","","",NA,NA,NA
1,"pe7174","","","","",NA,NA,"",NA,NA,"",NA,"",NA,"","","","",NA,NA,NA
1,"pe7175","","","","",NA,NA,"",NA,NA,"",NA,"",NA,"","","","",NA,NA,NA
1,"pe7176","","","","",NA,NA,"",NA,NA,"",NA,"",NA,"","","","",NA,NA,NA
1,"pe7177","","","","",NA,NA,"",NA,NA,"",NA,"",NA,"","","","",NA,NA,NA
1,"pe7178","","","","",NA,NA,"",NA,NA,"",NA,"",NA,"","","","",NA,NA,NA
1,"pe7179","","","","",NA,NA,"",NA,NA,"",NA,"",NA,"","","","",NA,NA,NA
1,"pe7180","","","","",NA,NA,"",NA,NA,"",NA,"",NA,"","","","",NA,NA,NA
1,"pe7181","","","","",NA,NA,"",NA,NA,"",NA,"",NA,"","","","",NA,NA,NA
1,"pe7182","","","","",NA,NA,"",NA,NA,"",NA,"",NA,"","","","",NA,NA,NA
1,"pe7183","","","","",NA,NA,"",NA,NA,"",NA,"",NA,"","","","",NA,NA,NA
1,"pe7184","","","","",NA,NA,"",NA,NA,"",NA,"",NA,"","","","",NA,NA,NA
1,"pe7185","","","","",NA,NA,"",NA,NA,"",NA,"",NA,"","","","",NA,NA,NA
1,"pe7186","","","","",NA,NA,"",NA,NA,"",NA,"",NA,"","","","",NA,NA,NA
1,"pe7187","","","","",NA,NA,"",NA,NA,"",NA,"",NA,"","","","",NA,NA,NA
1,"pe7188","","","","",NA,NA,"",NA,NA,"",NA,"",NA,"","","","",NA,NA,NA
1,"pe7189","","","","",NA,NA,"",NA,NA,"",NA,"",NA,"","","","",NA,NA,NA
1,"pe7190","","","","",NA,NA,"",NA,NA,"",NA,"",NA,"","","","",NA,NA,NA
1,"pe7191","","","","",NA,NA,"",NA,NA,"",NA,"",NA,"","","","",NA,NA,NA
1,"pe7192","","","","",NA,NA,"",NA,NA,"",NA,"",NA,"","","","",NA,NA,NA
1,"pe7193","","","","",NA,NA,"",NA,NA,"",NA,"",NA,"","","","",NA,NA,NA
1,"pe7194","","","","",NA,NA,"",NA,NA,"",NA,"",NA,"","","","",NA,NA,NA
1,"pe7195","","","","",NA,NA,"",NA,NA,"",NA,"",NA,"","","","",NA,NA,NA
1,"pe7196","","","","",NA,NA,"",NA,NA,"",NA,"",NA,"","","","",NA,NA,NA
1,"pe7197","","","","",NA,NA,"",NA,NA,"",NA,"",NA,"","","","",NA,NA,NA
1,"pe7198","","","","",NA,NA,"",NA,NA,"",NA,"",NA,"","","","",NA,NA,NA
1,"pe7199","","","","",NA,NA,"",NA,NA,"",NA,"",NA,"","","","",NA,NA,NA
1,"pe7200","","","","",NA,NA,"",NA,NA,"",NA,"",NA,"","","","",NA,NA,NA
1,"pe7201","","","","",NA,NA,"",NA,NA,"",NA,"",NA,"","","","",NA,NA,NA
1,"pe7202","","","","",NA,NA,"",NA,NA,"",NA,"",NA,"","","","",NA,NA,NA
1,"pe7203","","","","",NA,NA,"",NA,NA,"",NA,"",NA,"","","","",NA,NA,NA
1,"pe7204","","","","",NA,NA,"",NA,NA,"",NA,"",NA,"","","","",NA,NA,NA
1,"pe7205","","","","",NA,NA,"",NA,NA,"",NA,"",NA,"","","","",NA,NA,NA
1,"pe7206","","","","",NA,NA,"",NA,NA,"",NA,"",NA,"","","","",NA,NA,NA
1,"pe7207","","","","",NA,NA,"",NA,NA,"",NA,"",NA,"","","","",NA,NA,NA
1,"pe7208","","","","",NA,NA,"",NA,NA,"",NA,"",NA,"","","","",NA,NA,NA
1,"pe7209","","","","",NA,NA,"",NA,NA,"",NA,"",NA,"","","","",NA,NA,NA
1,"pe7210","","","","",NA,NA,"",NA,NA,"",NA,"",NA,"","","","",NA,NA,NA
1,"pe7211","","","","",NA,NA,"",NA,NA,"",NA,"",NA,"","","","",NA,NA,NA
1,"pe7212","","","","",NA,NA,"",NA,NA,"",NA,"",NA,"","","","",NA,NA,NA
1,"pe7213","","","","",NA,NA,"",NA,NA,"",NA,"",NA,"","","","",NA,NA,NA
1,"pe7215","","","","",NA,NA,"",NA,NA,"",NA,"",NA,"","","","",NA,NA,NA
1,"pe7216","","","","",NA,NA,"",NA,NA,"",NA,"",NA,"","","","",NA,NA,NA
1,"pe7217","","","","",NA,NA,"",NA,NA,"",NA,"",NA,"","","","",NA,NA,NA
1,"pe7218","","","","",NA,NA,"",NA,NA,"",NA,"",NA,"","","","",NA,NA,NA
1,"pe7219","","","","",NA,NA,"",NA,NA,"",NA,"",NA,"","","","",NA,NA,NA
1,"pe7220","","","","",NA,NA,"",NA,NA,"",NA,"",NA,"","","","",NA,NA,NA
1,"pe7221","","","","",NA,NA,"",NA,NA,"",NA,"",NA,"","","","",NA,NA,NA
1,"pe7222","","","","",NA,NA,"",NA,NA,"",NA,"",NA,"","","","",NA,NA,NA
1,"pe7223","","","","",NA,NA,"",NA,NA,"",NA,"",NA,"","","","",NA,NA,NA
1,"pe7224","","","","",NA,NA,"",NA,NA,"",NA,"",NA,"","","","",NA,NA,NA
1,"pe7225","","","","",NA,NA,"",NA,NA,"",NA,"",NA,"","","","",NA,NA,NA
1,"pe7226","","","","",NA,NA,"",NA,NA,"",NA,"",NA,"","","","",NA,NA,NA
1,"pe7227","","","","",NA,NA,"",NA,NA,"",NA,"",NA,"","","","",NA,NA,NA
1,"pe7228","","","","",NA,NA,"",NA,NA,"",NA,"",NA,"","","","",NA,NA,NA
1,"pe7229","","","","",NA,NA,"",NA,NA,"",NA,"",NA,"","","","",NA,NA,NA
1,"pe7230","","","","",NA,NA,"",NA,NA,"",NA,"",NA,"","","","",NA,NA,NA
1,"pe7231","","","","",NA,NA,"",NA,NA,"",NA,"",NA,"","","","",NA,NA,NA
1,"pe7232","","","","",NA,NA,"",NA,NA,"",NA,"",NA,"","","","",NA,NA,NA
1,"pe7233","","","","",NA,NA,"",NA,NA,"",NA,"",NA,"","","","",NA,NA,NA
1,"pe7234","","","","",NA,NA,"",NA,NA,"",NA,"",NA,"","","","",NA,NA,NA
1,"pe7235","","","","",NA,NA,"",NA,NA,"",NA,"",NA,"","","","",NA,NA,NA
1,"pe7236","","","","",NA,NA,"",NA,NA,"",NA,"",NA,"","","","",NA,NA,NA
1,"pe7237","","","","",NA,NA,"",NA,NA,"",NA,"",NA,"","","","",NA,NA,NA
1,"pe7238","","","","",NA,NA,"",NA,NA,"",NA,"",NA,"","","","",NA,NA,NA
1,"pe7239","","","","",NA,NA,"",NA,NA,"",NA,"",NA,"","","","",NA,NA,NA
1,"pe7240","","","","",NA,NA,"",NA,NA,"",NA,"",NA,"","","","",NA,NA,NA
1,"pe7241","","","","",NA,NA,"",NA,NA,"",NA,"",NA,"","","","",NA,NA,NA
1,"pe7242","","","","",NA,NA,"",NA,NA,"",NA,"",NA,"","","","",NA,NA,NA
1,"pe7243","","","","",NA,NA,"",NA,NA,"",NA,"",NA,"","","","",NA,NA,NA
1,"pe7244","","","","",NA,NA,"",NA,NA,"",NA,"",NA,"","","","",NA,NA,NA
1,"pe7245","","","","",NA,NA,"",NA,NA,"",NA,"",NA,"","","","",NA,NA,NA
1,"pe7246","","","","",NA,NA,"",NA,NA,"",NA,"",NA,"","","","",NA,NA,NA
1,"pe7247","","","","",NA,NA,"",NA,NA,"",NA,"",NA,"","","","",NA,NA,NA
1,"pe7248","","","","",NA,NA,"",NA,NA,"",NA,"",NA,"","","","",NA,NA,NA
1,"pe7249","","","","",NA,NA,"",NA,NA,"",NA,"",NA,"","","","",NA,NA,NA
1,"pe7250","","","","",NA,NA,"",NA,NA,"",NA,"",NA,"","","","",NA,NA,NA
1,"pe7251","","","","",NA,NA,"",NA,NA,"",NA,"",NA,"","","","",NA,NA,NA
1,"pe7252","","","","",NA,NA,"",NA,NA,"",NA,"",NA,"","","","",NA,NA,NA
1,"pe7253","","","","",NA,NA,"",NA,NA,"",NA,"",NA,"","","","",NA,NA,NA
1,"pe7254","","","","",NA,NA,"",NA,NA,"",NA,"",NA,"","","","",NA,NA,NA
1,"pe7255","","","","",NA,NA,"",NA,NA,"",NA,"",NA,"","","","",NA,NA,NA
1,"pe7256","","","","",NA,NA,"",NA,NA,"",NA,"",NA,"","","","",NA,NA,NA
1,"pe7257","","","","",NA,NA,"",NA,NA,"",NA,"",NA,"","","","",NA,NA,NA
1,"pe7258","","","","",NA,NA,"",NA,NA,"",NA,"",NA,"","","","",NA,NA,NA
1,"pe7259","","","","",NA,NA,"",NA,NA,"",NA,"",NA,"","","","",NA,NA,NA
1,"pe7260","","","","",NA,NA,"",NA,NA,"",NA,"",NA,"","","","",NA,NA,NA
1,"pe7261","","","","",NA,NA,"",NA,NA,"",NA,"",NA,"","","","",NA,NA,NA
1,"pe7262","","","","",NA,NA,"",NA,NA,"",NA,"",NA,"","","","",NA,NA,NA
1,"pe7263","","","","",NA,NA,"",NA,NA,"",NA,"",NA,"","","","",NA,NA,NA
1,"pe7264","","","","",NA,NA,"",NA,NA,"",NA,"",NA,"","","","",NA,NA,NA
1,"pe7265","","","","",NA,NA,"",NA,NA,"",NA,"",NA,"","","","",NA,NA,NA
1,"pe7266","","","","",NA,NA,"",NA,NA,"",NA,"",NA,"","","","",NA,NA,NA
1,"pe7267","","","","",NA,NA,"",NA,NA,"",NA,"",NA,"","","","",NA,NA,NA
1,"pe7268","","","","",NA,NA,"",NA,NA,"",NA,"",NA,"","","","",NA,NA,NA
1,"pe7269","","","","",NA,NA,"",NA,NA,"",NA,"",NA,"","","","",NA,NA,NA
1,"pe7270","","","","",NA,NA,"",NA,NA,"",NA,"",NA,"","","","",NA,NA,NA
1,"pe7271","","","","",NA,NA,"",NA,NA,"",NA,"",NA,"","","","",NA,NA,NA
1,"pe7272","","","","",NA,NA,"",NA,NA,"",NA,"",NA,"","","","",NA,NA,NA
1,"pe7273","","","","",NA,NA,"",NA,NA,"",NA,"",NA,"","","","",NA,NA,NA
1,"pe7274","","","","",NA,NA,"",NA,NA,"",NA,"",NA,"","","","",NA,NA,NA
1,"pe7275","","","","",NA,NA,"",NA,NA,"",NA,"",NA,"","","","",NA,NA,NA
1,"pe7276","","","","",NA,NA,"",NA,NA,"",NA,"",NA,"","","","",NA,NA,NA
1,"pe7277","","","","",NA,NA,"",NA,NA,"",NA,"",NA,"","","","",NA,NA,NA
1,"pe7278","","","","",NA,NA,"",NA,NA,"",NA,"",NA,"","","","",NA,NA,NA
1,"pe7279","","","","",NA,NA,"",NA,NA,"",NA,"",NA,"","","","",NA,NA,NA
1,"pe7280","","","","",NA,NA,"",NA,NA,"",NA,"",NA,"","","","",NA,NA,NA
1,"pe7281","","","","",NA,NA,"",NA,NA,"",NA,"",NA,"","","","",NA,NA,NA
1,"pe7282","","","","",NA,NA,"",NA,NA,"",NA,"",NA,"","","","",NA,NA,NA
1,"pe7283","","","","",NA,NA,"",NA,NA,"",NA,"",NA,"","","","",NA,NA,NA
1,"pe7284","","","","",NA,NA,"",NA,NA,"",NA,"",NA,"","","","",NA,NA,NA
1,"pe7285","","","","",NA,NA,"",NA,NA,"",NA,"",NA,"","","","",NA,NA,NA
1,"pe7286","","","","",NA,NA,"",NA,NA,"",NA,"",NA,"","","","",NA,NA,NA
1,"pe7287","","","","",NA,NA,"",NA,NA,"",NA,"",NA,"","","","",NA,NA,NA
1,"pe7288","","","","",NA,NA,"",NA,NA,"",NA,"",NA,"","","","",NA,NA,NA
1,"pe7289","","","","",NA,NA,"",NA,NA,"",NA,"",NA,"","","","",NA,NA,NA
1,"pe7290","","","","",NA,NA,"",NA,NA,"",NA,"",NA,"","","","",NA,NA,NA
1,"pe7291","","","","",NA,NA,"",NA,NA,"",NA,"",NA,"","","","",NA,NA,NA
1,"pe7292","","","","",NA,NA,"",NA,NA,"",NA,"",NA,"","","","",NA,NA,NA
1,"pe7293","","","","",NA,NA,"",NA,NA,"",NA,"",NA,"","","","",NA,NA,NA
1,"pe7294","","","","",NA,NA,"",NA,NA,"",NA,"",NA,"","","","",NA,NA,NA
1,"pe7295","","","","",NA,NA,"",NA,NA,"",NA,"",NA,"","","","",NA,NA,NA
1,"pe7296","","","","",NA,NA,"",NA,NA,"",NA,"",NA,"","","","",NA,NA,NA
1,"pe7297","","","","",NA,NA,"",NA,NA,"",NA,"",NA,"","","","",NA,NA,NA
1,"pe7298","","","","",NA,NA,"",NA,NA,"",NA,"",NA,"","","","",NA,NA,NA
1,"pe7299","","","","",NA,NA,"",NA,NA,"",NA,"",NA,"","","","",NA,NA,NA
1,"pe7300","","","","",NA,NA,"",NA,NA,"",NA,"",NA,"","","","",NA,NA,NA
1,"pe7301","","","","",NA,NA,"",NA,NA,"",NA,"",NA,"","","","",NA,NA,NA
1,"pe7302","","","","",NA,NA,"",NA,NA,"",NA,"",NA,"","","","",NA,NA,NA
1,"pe7303","","","","",NA,NA,"",NA,NA,"",NA,"",NA,"","","","",NA,NA,NA
1,"pe7304","","","","",NA,NA,"",NA,NA,"",NA,"",NA,"","","","",NA,NA,NA
1,"pe7305","","","","",NA,NA,"",NA,NA,"",NA,"",NA,"","","","",NA,NA,NA
1,"pe7306","","","","",NA,NA,"",NA,NA,"",NA,"",NA,"","","","",NA,NA,NA
1,"pe7307","","","","",NA,NA,"",NA,NA,"",NA,"",NA,"","","","",NA,NA,NA
1,"pe7308","","","","",NA,NA,"",NA,NA,"",NA,"",NA,"","","","",NA,NA,NA
1,"pe7309","","","","",NA,NA,"",NA,NA,"",NA,"",NA,"","","","",NA,NA,NA
1,"pe7310","","","","",NA,NA,"",NA,NA,"",NA,"",NA,"","","","",NA,NA,NA
1,"pe7311","","","","",NA,NA,"",NA,NA,"",NA,"",NA,"","","","",NA,NA,NA
1,"pe7312","","","","",NA,NA,"",NA,NA,"",NA,"",NA,"","","","",NA,NA,NA
1,"pe7313","","","","",NA,NA,"",NA,NA,"",NA,"",NA,"","","","",NA,NA,NA
1,"pe7314","","","","",NA,NA,"",NA,NA,"",NA,"",NA,"","","","",NA,NA,NA
1,"pe7315","","","","",NA,NA,"",NA,NA,"",NA,"",NA,"","","","",NA,NA,NA
1,"pe7316","","","","",NA,NA,"",NA,NA,"",NA,"",NA,"","","","",NA,NA,NA
1,"pe7317","","","","",NA,NA,"",NA,NA,"",NA,"",NA,"","","","",NA,NA,NA
1,"pe7318","","","","",NA,NA,"",NA,NA,"",NA,"",NA,"","","","",NA,NA,NA
1,"pe7319","","","","",NA,NA,"",NA,NA,"",NA,"",NA,"","","","",NA,NA,NA
1,"pe7320","","","","",NA,NA,"",NA,NA,"",NA,"",NA,"","","","",NA,NA,NA
1,"pe7321","","","","",NA,NA,"",NA,NA,"",NA,"",NA,"","","","",NA,NA,NA
1,"pe7322","","","","",NA,NA,"",NA,NA,"",NA,"",NA,"","","","",NA,NA,NA
1,"pe7323","","","","",NA,NA,"",NA,NA,"",NA,"",NA,"","","","",NA,NA,NA
1,"pe7324","","","","",NA,NA,"",NA,NA,"",NA,"",NA,"","","","",NA,NA,NA
1,"pe7325","","","","",NA,NA,"",NA,NA,"",NA,"",NA,"","","","",NA,NA,NA
1,"pe7326","","","","",NA,NA,"",NA,NA,"",NA,"",NA,"","","","",NA,NA,NA
1,"pe7327","","","","",NA,NA,"",NA,NA,"",NA,"",NA,"","","","",NA,NA,NA
1,"pe7328","","","","",NA,NA,"",NA,NA,"",NA,"",NA,"","","","",NA,NA,NA
1,"pe7329","","","","",NA,NA,"",NA,NA,"",NA,"",NA,"","","","",NA,NA,NA
1,"pe7330","","","","",NA,NA,"",NA,NA,"",NA,"",NA,"","","","",NA,NA,NA
1,"pe7331","","","","",NA,NA,"",NA,NA,"",NA,"",NA,"","","","",NA,NA,NA
1,"pe7332","","","","",NA,NA,"",NA,NA,"",NA,"",NA,"","","","",NA,NA,NA
1,"pe7333","","","","",NA,NA,"",NA,NA,"",NA,"",NA,"","","","",NA,NA,NA
1,"pe7334","","","","",NA,NA,"",NA,NA,"",NA,"",NA,"","","","",NA,NA,NA
1,"pe7335","","","","",NA,NA,"",NA,NA,"",NA,"",NA,"","","","",NA,NA,NA
1,"pe7336","","","","",NA,NA,"",NA,NA,"",NA,"",NA,"","","","",NA,NA,NA
1,"pe7337","","","","",NA,NA,"",NA,NA,"",NA,"",NA,"","","","",NA,NA,NA
1,"pe7338","","","","",NA,NA,"",NA,NA,"",NA,"",NA,"","","","",NA,NA,NA
1,"pe7339","","","","",NA,NA,"",NA,NA,"",NA,"",NA,"","","","",NA,NA,NA
1,"pe7340","","","","",NA,NA,"",NA,NA,"",NA,"",NA,"","","","",NA,NA,NA
1,"pe7341","","","","",NA,NA,"",NA,NA,"",NA,"",NA,"","","","",NA,NA,NA
1,"pe7342","","","","",NA,NA,"",NA,NA,"",NA,"",NA,"","","","",NA,NA,NA
1,"pe7343","","","","",NA,NA,"",NA,NA,"",NA,"",NA,"","","","",NA,NA,NA
1,"pe7344","","","","",NA,NA,"",NA,NA,"",NA,"",NA,"","","","",NA,NA,NA
1,"pe7345","","","","",NA,NA,"",NA,NA,"",NA,"",NA,"","","","",NA,NA,NA
1,"pe7346","","","","",NA,NA,"",NA,NA,"",NA,"",NA,"","","","",NA,NA,NA
1,"pe7347","","","","",NA,NA,"",NA,NA,"",NA,"",NA,"","","","",NA,NA,NA
1,"pe7348","","","","",NA,NA,"",NA,NA,"",NA,"",NA,"","","","",NA,NA,NA
1,"pe7349","","","","",NA,NA,"",NA,NA,"",NA,"",NA,"","","","",NA,NA,NA
1,"pe7350","","","","",NA,NA,"",NA,NA,"",NA,"",NA,"","","","",NA,NA,NA
1,"pe7351","","","","",NA,NA,"",NA,NA,"",NA,"",NA,"","","","",NA,NA,NA
1,"pe7352","","","","",NA,NA,"",NA,NA,"",NA,"",NA,"","","","",NA,NA,NA
1,"pe7353","","","","",NA,NA,"",NA,NA,"",NA,"",NA,"","","","",NA,NA,NA
1,"pe7354","","","","",NA,NA,"",NA,NA,"",NA,"",NA,"","","","",NA,NA,NA
1,"pe7355","","","","",NA,NA,"",NA,NA,"",NA,"",NA,"","","","",NA,NA,NA
1,"pe7356","","","","",NA,NA,"",NA,NA,"",NA,"",NA,"","","","",NA,NA,NA
1,"pe7357","","","","",NA,NA,"",NA,NA,"",NA,"",NA,"","","","",NA,NA,NA
1,"pe7358","","","","",NA,NA,"",NA,NA,"",NA,"",NA,"","","","",NA,NA,NA
1,"pe7359","","","","",NA,NA,"",NA,NA,"",NA,"",NA,"","","","",NA,NA,NA
1,"pe7360","","","","",NA,NA,"",NA,NA,"",NA,"",NA,"","","","",NA,NA,NA
1,"pe7361","","","","",NA,NA,"",NA,NA,"",NA,"",NA,"","","","",NA,NA,NA
1,"pe7362","","","","",NA,NA,"",NA,NA,"",NA,"",NA,"","","","",NA,NA,NA
1,"pe7363","","","","",NA,NA,"",NA,NA,"",NA,"",NA,"","","","",NA,NA,NA
1,"pe7364","","","","",NA,NA,"",NA,NA,"",NA,"",NA,"","","","",NA,NA,NA
1,"pe7365","","","","",NA,NA,"",NA,NA,"",NA,"",NA,"","","","",NA,NA,NA
1,"pe7366","","","","",NA,NA,"",NA,NA,"",NA,"",NA,"","","","",NA,NA,NA
1,"pe7367","","","","",NA,NA,"",NA,NA,"",NA,"",NA,"","","","",NA,NA,NA
1,"pe7368","","","","",NA,NA,"",NA,NA,"",NA,"",NA,"","","","",NA,NA,NA
1,"pe7369","","","","",NA,NA,"",NA,NA,"",NA,"",NA,"","","","",NA,NA,NA
1,"pe7370","","","","",NA,NA,"",NA,NA,"",NA,"",NA,"","","","",NA,NA,NA
1,"pe7371","","","","",NA,NA,"",NA,NA,"",NA,"",NA,"","","","",NA,NA,NA
1,"pe7372","","","","",NA,NA,"",NA,NA,"",NA,"",NA,"","","","",NA,NA,NA
1,"pe7373","","","","",NA,NA,"",NA,NA,"",NA,"",NA,"","","","",NA,NA,NA
1,"pe7374","","","","",NA,NA,"",NA,NA,"",NA,"",NA,"","","","",NA,NA,NA
1,"pe7375","","","","",NA,NA,"",NA,NA,"",NA,"",NA,"","","","",NA,NA,NA
1,"pe7376","","","","",NA,NA,"",NA,NA,"",NA,"",NA,"","","","",NA,NA,NA
1,"pe7377","","","","",NA,NA,"",NA,NA,"",NA,"",NA,"","","","",NA,NA,NA
1,"pe7378","","","","",NA,NA,"",NA,NA,"",NA,"",NA,"","","","",NA,NA,NA
1,"pe7379","","","","",NA,NA,"",NA,NA,"",NA,"",NA,"","","","",NA,NA,NA
1,"pe7380","","","","",NA,NA,"",NA,NA,"",NA,"",NA,"","","","",NA,NA,NA
1,"pe7382","","","","",NA,NA,"",NA,NA,"",NA,"",NA,"","","","",NA,NA,NA
1,"pe7383","","","","",NA,NA,"",NA,NA,"",NA,"",NA,"","","","",NA,NA,NA
1,"pe7384","","","","",NA,NA,"",NA,NA,"",NA,"",NA,"","","","",NA,NA,NA
1,"pe7385","","","","",NA,NA,"",NA,NA,"",NA,"",NA,"","","","",NA,NA,NA
1,"pe7386","","","","",NA,NA,"",NA,NA,"",NA,"",NA,"","","","",NA,NA,NA
1,"pe7387","","","","",NA,NA,"",NA,NA,"",NA,"",NA,"","","","",NA,NA,NA
1,"pe7388","","","","",NA,NA,"",NA,NA,"",NA,"",NA,"","","","",NA,NA,NA
1,"pe7389","","","","",NA,NA,"",NA,NA,"",NA,"",NA,"","","","",NA,NA,NA
1,"pe7390","","","","",NA,NA,"",NA,NA,"",NA,"",NA,"","","","",NA,NA,NA
1,"pe7391","","","","",NA,NA,"",NA,NA,"",NA,"",NA,"","","","",NA,NA,NA
1,"pe7392","","","","",NA,NA,"",NA,NA,"",NA,"",NA,"","","","",NA,NA,NA
1,"pe7393","","","","",NA,NA,"",NA,NA,"",NA,"",NA,"","","","",NA,NA,NA
1,"pe7394","","","","",NA,NA,"",NA,NA,"",NA,"",NA,"","","","",NA,NA,NA
1,"pe7395","","","","",NA,NA,"",NA,NA,"",NA,"",NA,"","","","",NA,NA,NA
1,"pe7396","","","","",NA,NA,"",NA,NA,"",NA,"",NA,"","","","",NA,NA,NA
1,"pe7397","","","","",NA,NA,"",NA,NA,"",NA,"",NA,"","","","",NA,NA,NA
1,"pe7398","","","","",NA,NA,"",NA,NA,"",NA,"",NA,"","","","",NA,NA,NA
1,"pe7399","","","","",NA,NA,"",NA,NA,"",NA,"",NA,"","","","",NA,NA,NA
1,"pe7400","","","","",NA,NA,"",NA,NA,"",NA,"",NA,"","","","",NA,NA,NA
1,"pe7401","","","","",NA,NA,"",NA,NA,"",NA,"",NA,"","","","",NA,NA,NA
1,"pe7403","","","","",NA,NA,"",NA,NA,"",NA,"",NA,"","","","",NA,NA,NA
1,"pe7404","","","","",NA,NA,"",NA,NA,"",NA,"",NA,"","","","",NA,NA,NA
1,"pe7405","","","","",NA,NA,"",NA,NA,"",NA,"",NA,"","","","",NA,NA,NA
1,"pe7406","","","","",NA,NA,"",NA,NA,"",NA,"",NA,"","","","",NA,NA,NA
1,"pe7407","","","","",NA,NA,"",NA,NA,"",NA,"",NA,"","","","",NA,NA,NA
1,"pe7408","","","","",NA,NA,"",NA,NA,"",NA,"",NA,"","","","",NA,NA,NA
1,"pe7409","","","","",NA,NA,"",NA,NA,"",NA,"",NA,"","","","",NA,NA,NA
1,"pe7410","","","","",NA,NA,"",NA,NA,"",NA,"",NA,"","","","",NA,NA,NA
1,"pe7411","","","","",NA,NA,"",NA,NA,"",NA,"",NA,"","","","",NA,NA,NA
1,"pe7412","","","","",NA,NA,"",NA,NA,"",NA,"",NA,"","","","",NA,NA,NA
1,"pe7413","","","","",NA,NA,"",NA,NA,"",NA,"",NA,"","","","",NA,NA,NA
1,"pe7414","","","","",NA,NA,"",NA,NA,"",NA,"",NA,"","","","",NA,NA,NA
1,"pe7415","","","","",NA,NA,"",NA,NA,"",NA,"",NA,"","","","",NA,NA,NA
1,"pe7416","","","","",NA,NA,"",NA,NA,"",NA,"",NA,"","","","",NA,NA,NA
1,"pe7417","","","","",NA,NA,"",NA,NA,"",NA,"",NA,"","","","",NA,NA,NA
1,"pe7418","","","","",NA,NA,"",NA,NA,"",NA,"",NA,"","","","",NA,NA,NA
1,"pe7419","","","","",NA,NA,"",NA,NA,"",NA,"",NA,"","","","",NA,NA,NA
1,"pe7420","","","","",NA,NA,"",NA,NA,"",NA,"",NA,"","","","",NA,NA,NA
1,"pe7421","","","","",NA,NA,"",NA,NA,"",NA,"",NA,"","","","",NA,NA,NA
1,"pe7422","","","","",NA,NA,"",NA,NA,"",NA,"",NA,"","","","",NA,NA,NA
1,"pe7423","","","","",NA,NA,"",NA,NA,"",NA,"",NA,"","","","",NA,NA,NA
1,"pe7425","","","","",NA,NA,"",NA,NA,"",NA,"",NA,"","","","",NA,NA,NA
1,"pe7426","","","","",NA,NA,"",NA,NA,"",NA,"",NA,"","","","",NA,NA,NA
1,"pe7427","","","","",NA,NA,"",NA,NA,"",NA,"",NA,"","","","",NA,NA,NA
1,"pe7428","","","","",NA,NA,"",NA,NA,"",NA,"",NA,"","","","",NA,NA,NA
1,"pe7429","","","","",NA,NA,"",NA,NA,"",NA,"",NA,"","","","",NA,NA,NA
1,"pe7430","","","","",NA,NA,"",NA,NA,"",NA,"",NA,"","","","",NA,NA,NA
1,"pe7431","","","","",NA,NA,"",NA,NA,"",NA,"",NA,"","","","",NA,NA,NA
1,"pe7432","","","","",NA,NA,"",NA,NA,"",NA,"",NA,"","","","",NA,NA,NA
1,"pe7433","","","","",NA,NA,"",NA,NA,"",NA,"",NA,"","","","",NA,NA,NA
1,"pe7434","","","","",NA,NA,"",NA,NA,"",NA,"",NA,"","","","",NA,NA,NA
1,"pe7435","","","","",NA,NA,"",NA,NA,"",NA,"",NA,"","","","",NA,NA,NA
1,"pe7436","","","","",NA,NA,"",NA,NA,"",NA,"",NA,"","","","",NA,NA,NA
1,"pe7437","","","","",NA,NA,"",NA,NA,"",NA,"",NA,"","","","",NA,NA,NA
1,"pe7438","","","","",NA,NA,"",NA,NA,"",NA,"",NA,"","","","",NA,NA,NA
1,"pe7439","","","","",NA,NA,"",NA,NA,"",NA,"",NA,"","","","",NA,NA,NA
1,"pe7440","","","","",NA,NA,"",NA,NA,"",NA,"",NA,"","","","",NA,NA,NA
1,"pe7441","","","","",NA,NA,"",NA,NA,"",NA,"",NA,"","","","",NA,NA,NA
1,"pe7442","","","","",NA,NA,"",NA,NA,"",NA,"",NA,"","","","",NA,NA,NA
1,"pe7443","","","","",NA,NA,"",NA,NA,"",NA,"",NA,"","","","",NA,NA,NA
1,"pe7444","","","","",NA,NA,"",NA,NA,"",NA,"",NA,"","","","",NA,NA,NA
1,"pe7445","","","","",NA,NA,"",NA,NA,"",NA,"",NA,"","","","",NA,NA,NA
1,"pe7446","","","","",NA,NA,"",NA,NA,"",NA,"",NA,"","","","",NA,NA,NA
1,"pe7447","","","","",NA,NA,"",NA,NA,"",NA,"",NA,"","","","",NA,NA,NA
1,"pe7448","","","","",NA,NA,"",NA,NA,"",NA,"",NA,"","","","",NA,NA,NA
1,"pe7449","","","","",NA,NA,"",NA,NA,"",NA,"",NA,"","","","",NA,NA,NA
1,"pe7450","","","","",NA,NA,"",NA,NA,"",NA,"",NA,"","","","",NA,NA,NA
1,"pe7451","","","","",NA,NA,"",NA,NA,"",NA,"",NA,"","","","",NA,NA,NA
1,"pe7452","","","","",NA,NA,"",NA,NA,"",NA,"",NA,"","","","",NA,NA,NA
1,"pe7453","","","","",NA,NA,"",NA,NA,"",NA,"",NA,"","","","",NA,NA,NA
1,"pe7454","","","","",NA,NA,"",NA,NA,"",NA,"",NA,"","","","",NA,NA,NA
1,"pe7455","","","","",NA,NA,"",NA,NA,"",NA,"",NA,"","","","",NA,NA,NA
1,"pe7456","","","","",NA,NA,"",NA,NA,"",NA,"",NA,"","","","",NA,NA,NA
1,"pe7457","","","","",NA,NA,"",NA,NA,"",NA,"",NA,"","","","",NA,NA,NA
1,"pe7458","","","","",NA,NA,"",NA,NA,"",NA,"",NA,"","","","",NA,NA,NA
1,"pe7459","","","","",NA,NA,"",NA,NA,"",NA,"",NA,"","","","",NA,NA,NA
1,"pe7460","","","","",NA,NA,"",NA,NA,"",NA,"",NA,"","","","",NA,NA,NA
1,"pe7461","","","","",NA,NA,"",NA,NA,"",NA,"",NA,"","","","",NA,NA,NA
1,"pe7462","","","","",NA,NA,"",NA,NA,"",NA,"",NA,"","","","",NA,NA,NA
1,"pe7463","","","","",NA,NA,"",NA,NA,"",NA,"",NA,"","","","",NA,NA,NA
1,"pe7464","","","","",NA,NA,"",NA,NA,"",NA,"",NA,"","","","",NA,NA,NA
1,"pe7465","","","","",NA,NA,"",NA,NA,"",NA,"",NA,"","","","",NA,NA,NA
1,"pe7466","","","","",NA,NA,"",NA,NA,"",NA,"",NA,"","","","",NA,NA,NA
1,"pe7467","","","","",NA,NA,"",NA,NA,"",NA,"",NA,"","","","",NA,NA,NA
1,"pe7468","","","","",NA,NA,"",NA,NA,"",NA,"",NA,"","","","",NA,NA,NA
1,"pe7469","","","","",NA,NA,"",NA,NA,"",NA,"",NA,"","","","",NA,NA,NA
1,"pe7470","","","","",NA,NA,"",NA,NA,"",NA,"",NA,"","","","",NA,NA,NA
1,"pe7471","","","","",NA,NA,"",NA,NA,"",NA,"",NA,"","","","",NA,NA,NA
1,"pe7472","","","","",NA,NA,"",NA,NA,"",NA,"",NA,"","","","",NA,NA,NA
1,"pe7473","","","","",NA,NA,"",NA,NA,"",NA,"",NA,"","","","",NA,NA,NA
1,"pe7474","","","","",NA,NA,"",NA,NA,"",NA,"",NA,"","","","",NA,NA,NA
1,"pe7475","","","","",NA,NA,"",NA,NA,"",NA,"",NA,"","","","",NA,NA,NA
1,"pe7476","","","","",NA,NA,"",NA,NA,"",NA,"",NA,"","","","",NA,NA,NA
1,"pe7477","","","","",NA,NA,"",NA,NA,"",NA,"",NA,"","","","",NA,NA,NA
1,"pe7478","","","","",NA,NA,"",NA,NA,"",NA,"",NA,"","","","",NA,NA,NA
1,"pe7479","","","","",NA,NA,"",NA,NA,"",NA,"",NA,"","","","",NA,NA,NA
1,"pe7480","","","","",NA,NA,"",NA,NA,"",NA,"",NA,"","","","",NA,NA,NA
1,"pe7481","","","","",NA,NA,"",NA,NA,"",NA,"",NA,"","","","",NA,NA,NA
1,"pe7482","","","","",NA,NA,"",NA,NA,"",NA,"",NA,"","","","",NA,NA,NA
1,"pe7483","","","","",NA,NA,"",NA,NA,"",NA,"",NA,"","","","",NA,NA,NA
1,"pe7484","","","","",NA,NA,"",NA,NA,"",NA,"",NA,"","","","",NA,NA,NA
1,"pe7485","","","","",NA,NA,"",NA,NA,"",NA,"",NA,"","","","",NA,NA,NA
1,"pe7486","","","","",NA,NA,"",NA,NA,"",NA,"",NA,"","","","",NA,NA,NA
1,"pe7487","","","","",NA,NA,"",NA,NA,"",NA,"",NA,"","","","",NA,NA,NA
1,"pe7488","","","","",NA,NA,"",NA,NA,"",NA,"",NA,"","","","",NA,NA,NA
1,"pe7489","","","","",NA,NA,"",NA,NA,"",NA,"",NA,"","","","",NA,NA,NA
1,"pe7490","","","","",NA,NA,"",NA,NA,"",NA,"",NA,"","","","",NA,NA,NA
1,"pe7491","","","","",NA,NA,"",NA,NA,"",NA,"",NA,"","","","",NA,NA,NA
1,"pe7492","","","","",NA,NA,"",NA,NA,"",NA,"",NA,"","","","",NA,NA,NA
1,"pe7493","","","","",NA,NA,"",NA,NA,"",NA,"",NA,"","","","",NA,NA,NA
1,"pe7494","","","","",NA,NA,"",NA,NA,"",NA,"",NA,"","","","",NA,NA,NA
1,"pe7495","","","","",NA,NA,"",NA,NA,"",NA,"",NA,"","","","",NA,NA,NA
1,"pe7496","","","","",NA,NA,"",NA,NA,"",NA,"",NA,"","","","",NA,NA,NA
1,"pe7497","","","","",NA,NA,"",NA,NA,"",NA,"",NA,"","","","",NA,NA,NA
1,"pe7498","","","","",NA,NA,"",NA,NA,"",NA,"",NA,"","","","",NA,NA,NA
1,"pe7499","","","","",NA,NA,"",NA,NA,"",NA,"",NA,"","","","",NA,NA,NA
1,"pe7500","","","","",NA,NA,"",NA,NA,"",NA,"",NA,"","","","",NA,NA,NA
1,"pe7501","","","","",NA,NA,"",NA,NA,"",NA,"",NA,"","","","",NA,NA,NA
1,"pe7502","","","","",NA,NA,"",NA,NA,"",NA,"",NA,"","","","",NA,NA,NA
1,"pe7503","","","","",NA,NA,"",NA,NA,"",NA,"",NA,"","","","",NA,NA,NA
1,"pe7504","","","","",NA,NA,"",NA,NA,"",NA,"",NA,"","","","",NA,NA,NA
1,"pe7505","","","","",NA,NA,"",NA,NA,"",NA,"",NA,"","","","",NA,NA,NA
1,"pe7506","","","","",NA,NA,"",NA,NA,"",NA,"",NA,"","","","",NA,NA,NA
1,"pe7507","","","","",NA,NA,"",NA,NA,"",NA,"",NA,"","","","",NA,NA,NA
1,"pe7508","","","","",NA,NA,"",NA,NA,"",NA,"",NA,"","","","",NA,NA,NA
1,"pe7510","","","","",NA,NA,"",NA,NA,"",NA,"",NA,"","","","",NA,NA,NA
1,"pe9001","","","","",NA,NA,"",NA,NA,"",NA,"",NA,"","","","",NA,NA,NA
1,"pe9002","","","","",NA,NA,"",NA,NA,"",NA,"",NA,"","","","",NA,NA,NA
1,"pe9003","","","","",NA,NA,"",NA,NA,"",NA,"",NA,"","","","",NA,NA,NA
1,"pe9004","","","","",NA,NA,"",NA,NA,"",NA,"",NA,"","","","",NA,NA,NA
1,"pe9005","","","","",NA,NA,"",NA,NA,"",NA,"",NA,"","","","",NA,NA,NA
1,"pe9006","","","","",NA,NA,"",NA,NA,"",NA,"",NA,"","","","",NA,NA,NA
1,"pe9008","","","","",NA,NA,"",NA,NA,"",NA,"",NA,"","","","",NA,NA,NA
1,"pe9009","","","","",NA,NA,"",NA,NA,"",NA,"",NA,"","","","",NA,NA,NA
1,"pe9010","","","","",NA,NA,"",NA,NA,"",NA,"",NA,"","","","",NA,NA,NA
1,"pe9012","","","","",NA,NA,"",NA,NA,"",NA,"",NA,"","","","",NA,NA,NA
1,"pe9013","","","","",NA,NA,"",NA,NA,"",NA,"",NA,"","","","",NA,NA,NA
1,"pe9014","","","","",NA,NA,"",NA,NA,"",NA,"",NA,"","","","",NA,NA,NA
1,"pe9015","","","","",NA,NA,"",NA,NA,"",NA,"",NA,"","","","",NA,NA,NA
1,"pe9016","","","","",NA,NA,"",NA,NA,"",NA,"",NA,"","","","",NA,NA,NA
1,"pe9017","","","","",NA,NA,"",NA,NA,"",NA,"",NA,"","","","",NA,NA,NA
1,"pe9018","","","","",NA,NA,"",NA,NA,"",NA,"",NA,"","","","",NA,NA,NA
1,"pe9019","","","","",NA,NA,"",NA,NA,"",NA,"",NA,"","","","",NA,NA,NA
1,"pe9020","","","","",NA,NA,"",NA,NA,"",NA,"",NA,"","","","",NA,NA,NA
1,"pe9021","","","","",NA,NA,"",NA,NA,"",NA,"",NA,"","","","",NA,NA,NA
1,"pe9022","","","","",NA,NA,"",NA,NA,"",NA,"",NA,"","","","",NA,NA,NA
1,"pe9023","","","","",NA,NA,"",NA,NA,"",NA,"",NA,"","","","",NA,NA,NA
1,"pe9024","","","","",NA,NA,"",NA,NA,"",NA,"",NA,"","","","",NA,NA,NA
1,"pe9025","","","","",NA,NA,"",NA,NA,"",NA,"",NA,"","","","",NA,NA,NA
1,"pe9026","","","","",NA,NA,"",NA,NA,"",NA,"",NA,"","","","",NA,NA,NA
1,"pe9027","","","","",NA,NA,"",NA,NA,"",NA,"",NA,"","","","",NA,NA,NA
1,"pe9028","","","","",NA,NA,"",NA,NA,"",NA,"",NA,"","","","",NA,NA,NA
1,"pe9029","","","","",NA,NA,"",NA,NA,"",NA,"",NA,"","","","",NA,NA,NA
1,"pe9030","","","","",NA,NA,"",NA,NA,"",NA,"",NA,"","","","",NA,NA,NA
1,"pe9031","","","","",NA,NA,"",NA,NA,"",NA,"",NA,"","","","",NA,NA,NA
1,"pe9032","","","","",NA,NA,"",NA,NA,"",NA,"",NA,"","","","",NA,NA,NA
1,"pe9033","","","","",NA,NA,"",NA,NA,"",NA,"",NA,"","","","",NA,NA,NA
1,"pe9034","","","","",NA,NA,"",NA,NA,"",NA,"",NA,"","","","",NA,NA,NA
1,"pe9035","","","","",NA,NA,"",NA,NA,"",NA,"",NA,"","","","",NA,NA,NA
1,"pe9036","","","","",NA,NA,"",NA,NA,"",NA,"",NA,"","","","",NA,NA,NA
1,"pe9037","","","","",NA,NA,"",NA,NA,"",NA,"",NA,"","","","",NA,NA,NA
1,"pe9038","","","","",NA,NA,"",NA,NA,"",NA,"",NA,"","","","",NA,NA,NA
1,"pe9039","","","","",NA,NA,"",NA,NA,"",NA,"",NA,"","","","",NA,NA,NA
1,"pe9040","","","","",NA,NA,"",NA,NA,"",NA,"",NA,"","","","",NA,NA,NA
1,"pe9041","","","","",NA,NA,"",NA,NA,"",NA,"",NA,"","","","",NA,NA,NA
1,"pe9042","","","","",NA,NA,"",NA,NA,"",NA,"",NA,"","","","",NA,NA,NA
1,"pe9043","","","","",NA,NA,"",NA,NA,"",NA,"",NA,"","","","",NA,NA,NA
1,"pe9044","","","","",NA,NA,"",NA,NA,"",NA,"",NA,"","","","",NA,NA,NA
1,"pe9045","","","","",NA,NA,"",NA,NA,"",NA,"",NA,"","","","",NA,NA,NA
1,"pe9046","","","","",NA,NA,"",NA,NA,"",NA,"",NA,"","","","",NA,NA,NA
1,"pe9047","","","","",NA,NA,"",NA,NA,"",NA,"",NA,"","","","",NA,NA,NA
1,"pe9048","","","","",NA,NA,"",NA,NA,"",NA,"",NA,"","","","",NA,NA,NA
1,"pe9049","","","","",NA,NA,"",NA,NA,"",NA,"",NA,"","","","",NA,NA,NA
1,"pe9051","","","","",NA,NA,"",NA,NA,"",NA,"",NA,"","","","",NA,NA,NA
1,"pe9052","","","","",NA,NA,"",NA,NA,"",NA,"",NA,"","","","",NA,NA,NA
1,"pe9053","","","","",NA,NA,"",NA,NA,"",NA,"",NA,"","","","",NA,NA,NA
1,"pe9054","","","","",NA,NA,"",NA,NA,"",NA,"",NA,"","","","",NA,NA,NA
1,"pe9055","","","","",NA,NA,"",NA,NA,"",NA,"",NA,"","","","",NA,NA,NA
1,"pe9056","","","","",NA,NA,"",NA,NA,"",NA,"",NA,"","","","",NA,NA,NA
1,"pe9057","","","","",NA,NA,"",NA,NA,"",NA,"",NA,"","","","",NA,NA,NA
1,"pe9058","","","","",NA,NA,"",NA,NA,"",NA,"",NA,"","","","",NA,NA,NA
1,"pe9059","","","","",NA,NA,"",NA,NA,"",NA,"",NA,"","","","",NA,NA,NA
1,"pe9060","","","","",NA,NA,"",NA,NA,"",NA,"",NA,"","","","",NA,NA,NA
1,"pe9061","","","","",NA,NA,"",NA,NA,"",NA,"",NA,"","","","",NA,NA,NA
1,"pe9062","","","","",NA,NA,"",NA,NA,"",NA,"",NA,"","","","",NA,NA,NA
1,"pe9063","","","","",NA,NA,"",NA,NA,"",NA,"",NA,"","","","",NA,NA,NA
1,"pe9064","","","","",NA,NA,"",NA,NA,"",NA,"",NA,"","","","",NA,NA,NA
1,"pe9065","","","","",NA,NA,"",NA,NA,"",NA,"",NA,"","","","",NA,NA,NA
1,"pe9066","","","","",NA,NA,"",NA,NA,"",NA,"",NA,"","","","",NA,NA,NA
1,"pe9067","","","","",NA,NA,"",NA,NA,"",NA,"",NA,"","","","",NA,NA,NA
1,"pe9068","","","","",NA,NA,"",NA,NA,"",NA,"",NA,"","","","",NA,NA,NA
1,"pe9069","","","","",NA,NA,"",NA,NA,"",NA,"",NA,"","","","",NA,NA,NA
1,"pe9070","","","","",NA,NA,"",NA,NA,"",NA,"",NA,"","","","",NA,NA,NA
1,"pe9071","","","","",NA,NA,"",NA,NA,"",NA,"",NA,"","","","",NA,NA,NA
1,"pe9072","","","","",NA,NA,"",NA,NA,"",NA,"",NA,"","","","",NA,NA,NA
1,"pe9073","","","","",NA,NA,"",NA,NA,"",NA,"",NA,"","","","",NA,NA,NA
1,"pe9074","","","","",NA,NA,"",NA,NA,"",NA,"",NA,"","","","",NA,NA,NA
1,"pe9075","","","","",NA,NA,"",NA,NA,"",NA,"",NA,"","","","",NA,NA,NA
1,"pe9076","","","","",NA,NA,"",NA,NA,"",NA,"",NA,"","","","",NA,NA,NA
1,"pe9077","","","","",NA,NA,"",NA,NA,"",NA,"",NA,"","","","",NA,NA,NA
1,"pe9078","","","","",NA,NA,"",NA,NA,"",NA,"",NA,"","","","",NA,NA,NA
1,"pe9079","","","","",NA,NA,"",NA,NA,"",NA,"",NA,"","","","",NA,NA,NA
1,"pe9080","","","","",NA,NA,"",NA,NA,"",NA,"",NA,"","","","",NA,NA,NA
1,"pe9081","","","","",NA,NA,"",NA,NA,"",NA,"",NA,"","","","",NA,NA,NA
1,"pe9082","","","","",NA,NA,"",NA,NA,"",NA,"",NA,"","","","",NA,NA,NA
1,"pe9083","","","","",NA,NA,"",NA,NA,"",NA,"",NA,"","","","",NA,NA,NA
1,"pe9084","","","","",NA,NA,"",NA,NA,"",NA,"",NA,"","","","",NA,NA,NA
1,"pe9085","","","","",NA,NA,"",NA,NA,"",NA,"",NA,"","","","",NA,NA,NA
1,"pe9086","","","","",NA,NA,"",NA,NA,"",NA,"",NA,"","","","",NA,NA,NA
1,"pe9087","","","","",NA,NA,"",NA,NA,"",NA,"",NA,"","","","",NA,NA,NA
1,"pe9088","","","","",NA,NA,"",NA,NA,"",NA,"",NA,"","","","",NA,NA,NA
1,"pe9089","","","","",NA,NA,"",NA,NA,"",NA,"",NA,"","","","",NA,NA,NA
1,"pe9090","","","","",NA,NA,"",NA,NA,"",NA,"",NA,"","","","",NA,NA,NA
1,"pe9091","","","","",NA,NA,"",NA,NA,"",NA,"",NA,"","","","",NA,NA,NA
1,"pe9092","","","","",NA,NA,"",NA,NA,"",NA,"",NA,"","","","",NA,NA,NA
1,"pe9093","","","","",NA,NA,"",NA,NA,"",NA,"",NA,"","","","",NA,NA,NA
1,"pe9094","","","","",NA,NA,"",NA,NA,"",NA,"",NA,"","","","",NA,NA,NA
1,"pe9095","","","","",NA,NA,"",NA,NA,"",NA,"",NA,"","","","",NA,NA,NA
1,"pe9096","","","","",NA,NA,"",NA,NA,"",NA,"",NA,"","","","",NA,NA,NA
1,"pe9097","","","","",NA,NA,"",NA,NA,"",NA,"",NA,"","","","",NA,NA,NA
1,"pe9099","","","","",NA,NA,"",NA,NA,"",NA,"",NA,"","","","",NA,NA,NA
1,"pe9100","","","","",NA,NA,"",NA,NA,"",NA,"",NA,"","","","",NA,NA,NA
1,"pe9101","","","","",NA,NA,"",NA,NA,"",NA,"",NA,"","","","",NA,NA,NA
1,"pe9102","","","","",NA,NA,"",NA,NA,"",NA,"",NA,"","","","",NA,NA,NA
1,"pe9103","","","","",NA,NA,"",NA,NA,"",NA,"",NA,"","","","",NA,NA,NA
1,"pe9104","","","","",NA,NA,"",NA,NA,"",NA,"",NA,"","","","",NA,NA,NA
1,"pe9105","","","","",NA,NA,"",NA,NA,"",NA,"",NA,"","","","",NA,NA,NA
1,"pe9106","","","","",NA,NA,"",NA,NA,"",NA,"",NA,"","","","",NA,NA,NA
1,"pe9107","","","","",NA,NA,"",NA,NA,"",NA,"",NA,"","","","",NA,NA,NA
1,"pe9108","","","","",NA,NA,"",NA,NA,"",NA,"",NA,"","","","",NA,NA,NA
1,"pe9109","","","","",NA,NA,"",NA,NA,"",NA,"",NA,"","","","",NA,NA,NA
1,"pe9110","","","","",NA,NA,"",NA,NA,"",NA,"",NA,"","","","",NA,NA,NA
1,"pe9111","","","","",NA,NA,"",NA,NA,"",NA,"",NA,"","","","",NA,NA,NA
1,"pe9112","","","","",NA,NA,"",NA,NA,"",NA,"",NA,"","","","",NA,NA,NA
1,"pe9113","","","","",NA,NA,"",NA,NA,"",NA,"",NA,"","","","",NA,NA,NA
1,"pe9114","","","","",NA,NA,"",NA,NA,"",NA,"",NA,"","","","",NA,NA,NA
1,"pe9115","","","","",NA,NA,"",NA,NA,"",NA,"",NA,"","","","",NA,NA,NA
1,"pe9116","","","","",NA,NA,"",NA,NA,"",NA,"",NA,"","","","",NA,NA,NA
1,"pe9117","","","","",NA,NA,"",NA,NA,"",NA,"",NA,"","","","",NA,NA,NA
1,"pe9118","","","","",NA,NA,"",NA,NA,"",NA,"",NA,"","","","",NA,NA,NA
1,"pe9119","","","","",NA,NA,"",NA,NA,"",NA,"",NA,"","","","",NA,NA,NA
1,"pe9120","","","","",NA,NA,"",NA,NA,"",NA,"",NA,"","","","",NA,NA,NA
1,"pe9121","","","","",NA,NA,"",NA,NA,"",NA,"",NA,"","","","",NA,NA,NA
1,"pe9122","","","","",NA,NA,"",NA,NA,"",NA,"",NA,"","","","",NA,NA,NA
1,"pe9123","","","","",NA,NA,"",NA,NA,"",NA,"",NA,"","","","",NA,NA,NA
1,"pe9124","","","","",NA,NA,"",NA,NA,"",NA,"",NA,"","","","",NA,NA,NA
1,"pe9125","","","","",NA,NA,"",NA,NA,"",NA,"",NA,"","","","",NA,NA,NA
1,"pe9126","","","","",NA,NA,"",NA,NA,"",NA,"",NA,"","","","",NA,NA,NA
1,"pe9127","","","","",NA,NA,"",NA,NA,"",NA,"",NA,"","","","",NA,NA,NA
1,"pe9128","","","","",NA,NA,"",NA,NA,"",NA,"",NA,"","","","",NA,NA,NA
1,"pe9129","","","","",NA,NA,"",NA,NA,"",NA,"",NA,"","","","",NA,NA,NA
1,"pe9130","","","","",NA,NA,"",NA,NA,"",NA,"",NA,"","","","",NA,NA,NA
1,"pe9131","","","","",NA,NA,"",NA,NA,"",NA,"",NA,"","","","",NA,NA,NA
1,"pe9132","","","","",NA,NA,"",NA,NA,"",NA,"",NA,"","","","",NA,NA,NA
1,"pe9133","","","","",NA,NA,"",NA,NA,"",NA,"",NA,"","","","",NA,NA,NA
1,"pe9134","","","","",NA,NA,"",NA,NA,"",NA,"",NA,"","","","",NA,NA,NA
1,"pe9135","","","","",NA,NA,"",NA,NA,"",NA,"",NA,"","","","",NA,NA,NA
1,"pe9136","","","","",NA,NA,"",NA,NA,"",NA,"",NA,"","","","",NA,NA,NA
1,"pe9137","","","","",NA,NA,"",NA,NA,"",NA,"",NA,"","","","",NA,NA,NA
1,"pe9138","","","","",NA,NA,"",NA,NA,"",NA,"",NA,"","","","",NA,NA,NA
1,"pe9139","","","","",NA,NA,"",NA,NA,"",NA,"",NA,"","","","",NA,NA,NA
1,"pe9140","","","","",NA,NA,"",NA,NA,"",NA,"",NA,"","","","",NA,NA,NA
1,"pe9141","","","","",NA,NA,"",NA,NA,"",NA,"",NA,"","","","",NA,NA,NA
1,"pe9142","","","","",NA,NA,"",NA,NA,"",NA,"",NA,"","","","",NA,NA,NA
1,"pe9143","","","","",NA,NA,"",NA,NA,"",NA,"",NA,"","","","",NA,NA,NA
1,"pe9144","","","","",NA,NA,"",NA,NA,"",NA,"",NA,"","","","",NA,NA,NA
1,"pe9145","","","","",NA,NA,"",NA,NA,"",NA,"",NA,"","","","",NA,NA,NA
1,"pe9146","","","","",NA,NA,"",NA,NA,"",NA,"",NA,"","","","",NA,NA,NA
1,"pe9147","","","","",NA,NA,"",NA,NA,"",NA,"",NA,"","","","",NA,NA,NA
1,"pe9148","","","","",NA,NA,"",NA,NA,"",NA,"",NA,"","","","",NA,NA,NA
1,"pe9149","","","","",NA,NA,"",NA,NA,"",NA,"",NA,"","","","",NA,NA,NA
1,"pe9150","","","","",NA,NA,"",NA,NA,"",NA,"",NA,"","","","",NA,NA,NA
1,"pe9151","","","","",NA,NA,"",NA,NA,"",NA,"",NA,"","","","",NA,NA,NA
1,"pe9152","","","","",NA,NA,"",NA,NA,"",NA,"",NA,"","","","",NA,NA,NA
1,"pe9153","","","","",NA,NA,"",NA,NA,"",NA,"",NA,"","","","",NA,NA,NA
1,"pe9154","","","","",NA,NA,"",NA,NA,"",NA,"",NA,"","","","",NA,NA,NA
1,"pe9155","","","","",NA,NA,"",NA,NA,"",NA,"",NA,"","","","",NA,NA,NA
1,"pe9156","","","","",NA,NA,"",NA,NA,"",NA,"",NA,"","","","",NA,NA,NA
1,"pe9157","","","","",NA,NA,"",NA,NA,"",NA,"",NA,"","","","",NA,NA,NA
1,"pe9158","","","","",NA,NA,"",NA,NA,"",NA,"",NA,"","","","",NA,NA,NA
1,"pe9159","","","","",NA,NA,"",NA,NA,"",NA,"",NA,"","","","",NA,NA,NA
1,"pe9160","","","","",NA,NA,"",NA,NA,"",NA,"",NA,"","","","",NA,NA,NA
1,"pe9161","","","","",NA,NA,"",NA,NA,"",NA,"",NA,"","","","",NA,NA,NA
1,"pe9162","","","","",NA,NA,"",NA,NA,"",NA,"",NA,"","","","",NA,NA,NA
1,"pe9163","","","","",NA,NA,"",NA,NA,"",NA,"",NA,"","","","",NA,NA,NA
1,"pe9164","","","","",NA,NA,"",NA,NA,"",NA,"",NA,"","","","",NA,NA,NA
1,"pe9165","","","","",NA,NA,"",NA,NA,"",NA,"",NA,"","","","",NA,NA,NA
1,"pe9166","","","","",NA,NA,"",NA,NA,"",NA,"",NA,"","","","",NA,NA,NA
1,"pe9167","","","","",NA,NA,"",NA,NA,"",NA,"",NA,"","","","",NA,NA,NA
1,"pe9168","","","","",NA,NA,"",NA,NA,"",NA,"",NA,"","","","",NA,NA,NA
1,"pe9169","","","","",NA,NA,"",NA,NA,"",NA,"",NA,"","","","",NA,NA,NA
1,"pe9170","","","","",NA,NA,"",NA,NA,"",NA,"",NA,"","","","",NA,NA,NA
1,"pe9171","","","","",NA,NA,"",NA,NA,"",NA,"",NA,"","","","",NA,NA,NA
1,"pe9172","","","","",NA,NA,"",NA,NA,"",NA,"",NA,"","","","",NA,NA,NA
1,"pe9173","","","","",NA,NA,"",NA,NA,"",NA,"",NA,"","","","",NA,NA,NA
1,"pe9174","","","","",NA,NA,"",NA,NA,"",NA,"",NA,"","","","",NA,NA,NA
1,"pe9175","","","","",NA,NA,"",NA,NA,"",NA,"",NA,"","","","",NA,NA,NA
1,"pe9176","","","","",NA,NA,"",NA,NA,"",NA,"",NA,"","","","",NA,NA,NA
1,"pe9177","","","","",NA,NA,"",NA,NA,"",NA,"",NA,"","","","",NA,NA,NA
1,"pe9178","","","","",NA,NA,"",NA,NA,"",NA,"",NA,"","","","",NA,NA,NA
1,"pe9179","","","","",NA,NA,"",NA,NA,"",NA,"",NA,"","","","",NA,NA,NA
1,"pe9180","","","","",NA,NA,"",NA,NA,"",NA,"",NA,"","","","",NA,NA,NA
1,"pe9181","","","","",NA,NA,"",NA,NA,"",NA,"",NA,"","","","",NA,NA,NA
1,"pe9182","","","","",NA,NA,"",NA,NA,"",NA,"",NA,"","","","",NA,NA,NA
1,"pe9183","","","","",NA,NA,"",NA,NA,"",NA,"",NA,"","","","",NA,NA,NA
1,"pe9184","","","","",NA,NA,"",NA,NA,"",NA,"",NA,"","","","",NA,NA,NA
1,"pe9185","","","","",NA,NA,"",NA,NA,"",NA,"",NA,"","","","",NA,NA,NA
1,"pe9186","","","","",NA,NA,"",NA,NA,"",NA,"",NA,"","","","",NA,NA,NA
1,"pe9187","","","","",NA,NA,"",NA,NA,"",NA,"",NA,"","","","",NA,NA,NA
1,"pe9188","","","","",NA,NA,"",NA,NA,"",NA,"",NA,"","","","",NA,NA,NA
1,"pe9189","","","","",NA,NA,"",NA,NA,"",NA,"",NA,"","","","",NA,NA,NA
1,"pe9190","","","","",NA,NA,"",NA,NA,"",NA,"",NA,"","","","",NA,NA,NA
1,"pe9191","","","","",NA,NA,"",NA,NA,"",NA,"",NA,"","","","",NA,NA,NA
1,"pe9192","","","","",NA,NA,"",NA,NA,"",NA,"",NA,"","","","",NA,NA,NA
1,"pe9193","","","","",NA,NA,"",NA,NA,"",NA,"",NA,"","","","",NA,NA,NA
1,"pe9194","","","","",NA,NA,"",NA,NA,"",NA,"",NA,"","","","",NA,NA,NA
1,"pe9195","","","","",NA,NA,"",NA,NA,"",NA,"",NA,"","","","",NA,NA,NA
1,"pe9196","","","","",NA,NA,"",NA,NA,"",NA,"",NA,"","","","",NA,NA,NA
1,"pe9197","","","","",NA,NA,"",NA,NA,"",NA,"",NA,"","","","",NA,NA,NA
1,"pe9198","","","","",NA,NA,"",NA,NA,"",NA,"",NA,"","","","",NA,NA,NA
1,"pe9199","","","","",NA,NA,"",NA,NA,"",NA,"",NA,"","","","",NA,NA,NA
1,"pe9200","","","","",NA,NA,"",NA,NA,"",NA,"",NA,"","","","",NA,NA,NA
1,"pe9201","","","","",NA,NA,"",NA,NA,"",NA,"",NA,"","","","",NA,NA,NA
1,"pe9202","","","","",NA,NA,"",NA,NA,"",NA,"",NA,"","","","",NA,NA,NA
1,"pe9600","","","","",NA,NA,"",NA,NA,"",NA,"",NA,"","","","",NA,NA,NA
1,"pe9702","","","","",NA,NA,"",NA,NA,"",NA,"",NA,"","","","",NA,NA,NA
1,"pe9703","","","","",NA,NA,"",NA,NA,"",NA,"",NA,"","","","",NA,NA,NA
1,"pe9704","","","","",NA,NA,"",NA,NA,"",NA,"",NA,"","","","",NA,NA,NA
1,"pe9705","","","","",NA,NA,"",NA,NA,"",NA,"",NA,"","","","",NA,NA,NA
1,"pe9707","","","","",NA,NA,"",NA,NA,"",NA,"",NA,"","","","",NA,NA,NA
1,"pe9708","","","","",NA,NA,"",NA,NA,"",NA,"",NA,"","","","",NA,NA,NA
1,"pe9709","","","","",NA,NA,"",NA,NA,"",NA,"",NA,"","","","",NA,NA,NA
1,"pe9710","","","","",NA,NA,"",NA,NA,"",NA,"",NA,"","","","",NA,NA,NA
1,"pe9711","","","","",NA,NA,"",NA,NA,"",NA,"",NA,"","","","",NA,NA,NA
1,"pe9712","","","","",NA,NA,"",NA,NA,"",NA,"",NA,"","","","",NA,NA,NA
1,"pe9713","","","","",NA,NA,"",NA,NA,"",NA,"",NA,"","","","",NA,NA,NA
1,"pe9714","","","","",NA,NA,"",NA,NA,"",NA,"",NA,"","","","",NA,NA,NA
1,"pe9715","","","","",NA,NA,"",NA,NA,"",NA,"",NA,"","","","",NA,NA,NA
1,"pe9718","","","","",NA,NA,"",NA,NA,"",NA,"",NA,"","","","",NA,NA,NA
1,"pe9719","","","","",NA,NA,"",NA,NA,"",NA,"",NA,"","","","",NA,NA,NA
1,"pe9720","","","","",NA,NA,"",NA,NA,"",NA,"",NA,"","","","",NA,NA,NA
1,"pe9721","","","","",NA,NA,"",NA,NA,"",NA,"",NA,"","","","",NA,NA,NA
1,"pe9722","","","","",NA,NA,"",NA,NA,"",NA,"",NA,"","","","",NA,NA,NA
1,"pe9723","","","","",NA,NA,"",NA,NA,"",NA,"",NA,"","","","",NA,NA,NA
1,"pe9729","","","","",NA,NA,"",NA,NA,"",NA,"",NA,"","","","",NA,NA,NA
1,"pe9730","","","","",NA,NA,"",NA,NA,"",NA,"",NA,"","","","",NA,NA,NA
1,"pe9739","","","","",NA,NA,"",NA,NA,"",NA,"",NA,"","","","",NA,NA,NA
1,"pe9748","","","","",NA,NA,"",NA,NA,"",NA,"",NA,"","","","",NA,NA,NA
1,"pe9749","","","","",NA,NA,"",NA,NA,"",NA,"",NA,"","","","",NA,NA,NA
1,"pe9778","","","","",NA,NA,"",NA,NA,"",NA,"",NA,"","","","",NA,NA,NA
1,"pe9779","","","","",NA,NA,"",NA,NA,"",NA,"",NA,"","","","",NA,NA,NA
1,"pe9801","","","","",NA,NA,"",NA,NA,"",NA,"",NA,"","","","",NA,NA,NA
1,"pe9802","","","","",NA,NA,"",NA,NA,"",NA,"",NA,"","","","",NA,NA,NA
1,"pe9803","","","","",NA,NA,"",NA,NA,"",NA,"",NA,"","","","",NA,NA,NA
1,"pe9806","","","","",NA,NA,"",NA,NA,"",NA,"",NA,"","","","",NA,NA,NA
1,"pe9807","","","","",NA,NA,"",NA,NA,"",NA,"",NA,"","","","",NA,NA,NA
1,"pe9808","","","","",NA,NA,"",NA,NA,"",NA,"",NA,"","","","",NA,NA,NA
1,"pe9809","","","","",NA,NA,"",NA,NA,"",NA,"",NA,"","","","",NA,NA,NA
1,"pe9810","","","","",NA,NA,"",NA,NA,"",NA,"",NA,"","","","",NA,NA,NA
1,"pe9811","","","","",NA,NA,"",NA,NA,"",NA,"",NA,"","","","",NA,NA,NA
1,"pe9812","","","","",NA,NA,"",NA,NA,"",NA,"",NA,"","","","",NA,NA,NA
1,"pe9813","","","","",NA,NA,"",NA,NA,"",NA,"",NA,"","","","",NA,NA,NA
1,"pe9815","","","","",NA,NA,"",NA,NA,"",NA,"",NA,"","","","",NA,NA,NA
1,"pe9816","","","","",NA,NA,"",NA,NA,"",NA,"",NA,"","","","",NA,NA,NA
1,"pe9817","","","","",NA,NA,"",NA,NA,"",NA,"",NA,"","","","",NA,NA,NA
1,"pe9818","","","","",NA,NA,"",NA,NA,"",NA,"",NA,"","","","",NA,NA,NA
1,"pe9819","","","","",NA,NA,"",NA,NA,"",NA,"",NA,"","","","",NA,NA,NA
1,"pe9820","","","","",NA,NA,"",NA,NA,"",NA,"",NA,"","","","",NA,NA,NA
1,"pe9821","","","","",NA,NA,"",NA,NA,"",NA,"",NA,"","","","",NA,NA,NA
1,"pe9822","","","","",NA,NA,"",NA,NA,"",NA,"",NA,"","","","",NA,NA,NA
1,"pe9823","","","","",NA,NA,"",NA,NA,"",NA,"",NA,"","","","",NA,NA,NA
1,"pe9824","","","","",NA,NA,"",NA,NA,"",NA,"",NA,"","","","",NA,NA,NA
1,"pe9825","","","","",NA,NA,"",NA,NA,"",NA,"",NA,"","","","",NA,NA,NA
1,"pe9827","","","","",NA,NA,"",NA,NA,"",NA,"",NA,"","","","",NA,NA,NA
1,"pe9828","","","","",NA,NA,"",NA,NA,"",NA,"",NA,"","","","",NA,NA,NA
1,"pe9832","","","","",NA,NA,"",NA,NA,"",NA,"",NA,"","","","",NA,NA,NA
1,"pe9833","","","","",NA,NA,"",NA,NA,"",NA,"",NA,"","","","",NA,NA,NA
1,"pe9834","","","","",NA,NA,"",NA,NA,"",NA,"",NA,"","","","",NA,NA,NA
1,"pe9836","","","","",NA,NA,"",NA,NA,"",NA,"",NA,"","","","",NA,NA,NA
1,"pe9840","","","","",NA,NA,"",NA,NA,"",NA,"",NA,"","","","",NA,NA,NA
1,"pe9841","","","","",NA,NA,"",NA,NA,"",NA,"",NA,"","","","",NA,NA,NA
1,"pe9842","","","","",NA,NA,"",NA,NA,"",NA,"",NA,"","","","",NA,NA,NA
1,"pe9918","","","","",NA,NA,"",NA,NA,"",NA,"",NA,"","","","",NA,NA,NA
1,"pe9919","","","","",NA,NA,"",NA,NA,"",NA,"",NA,"","","","",NA,NA,NA
