"ego","site_code","sex","group_id","dob","dod","father","mother"
"pe0101","PE","male","no","1981-99-99",NA,"pe9718","pe3901"
"pe0102","PE","female","no","1982-99-99",NA,"pe9109","pe9046"
"pe0103","PE","male","no","2004-99-99",NA,"pe0101","pe0102"
"pe0104","PE","male","no","2007-99-99",NA,"pe0101","pe0102"
"pe0105","PE","female","no","2010-99-99",NA,"pe0101","pe0102"
"pe0106","PE","female","no","2012-99-99",NA,"pe0101","pe0102"
"pe0107","PE","male","no","2016-99-99",NA,"pe0101","pe0102"
"pe0108","PE","female","no","2014-99-99",NA,"pe0101","pe0102"
"pe0201","PE","male","no","1995-99-99",NA,"pe3801","pe3802"
"pe0202","PE","female","no","1994-99-99",NA,"pe9026","pe9167"
"pe0203","PE","female","no","2013-99-99",NA,"pe0201","pe0202"
"pe0204","PE","female","no","2015-99-99",NA,"pe0201","pe0202"
"pe0205","PE","male","no","2018-99-99",NA,"pe0201","pe0202"
"pe0301","PE","male","no","1993-99-99",NA,"pe3801","pe3802"
"pe0302","PE","female","no","1998-99-99",NA,"pe9069","pe9171"
"pe0303","PE","male","no","2011-99-99",NA,"pe0301","pe0302"
"pe0304","PE","male","no","2012-99-99",NA,"pe0301","pe0302"
"pe0305","PE","female","no","2014-99-99",NA,"pe0301","pe0302"
"pe0306","PE","female","no","2017-99-99",NA,"pe0301","pe0302"
"pe0401","PE","female","member","1983-99-99",NA,"pe9107","pe9125"
"pe0402","PE","male","no","1998-99-99",NA,"pe6101","pe0401"
"pe0403","PE","male","no","2000-99-99",NA,"pe6101","pe0401"
"pe0404","PE","male","no","2003-99-99",NA,"pe6101","pe0401"
"pe0405","PE","male","no","2005-99-99",NA,"pe6101","pe0401"
"pe0406","PE","male","no","2010-99-99",NA,"pe6101","pe0401"
"pe0407","PE","female","no","2012-99-99",NA,"pe6101","pe0401"
"pe0408","PE","female","no","2008-99-99",NA,"pe6101","pe0401"
"pe0501","PE","male","no","1969-99-99",NA,"pe9718","pe3901"
"pe0502","PE","female","no","1978-99-99",NA,"pe9702","pe9703"
"pe0503","PE","female","no","2004-99-99",NA,"pe0501","pe0502"
"pe0504","PE","female","no","2007-99-99",NA,"pe0501","pe0502"
"pe0505","PE","male","no","2000-99-99",NA,"pe0501","pe0502"
"pe0506","PE","male","no","2002-99-99",NA,"pe0501","pe0502"
"pe0507","PE","female","no","2015-99-99",NA,"pe0501","pe0502"
"pe0509","PE","male","no","2010-99-99",NA,"pe0501","pe0502"
"pe0510","PE","female","no","2004-99-99",NA,"pe0501","pe0502"
"pe0511","PE","male","no","2011-99-99",NA,"pe0501","pe0502"
"pe0514","PE","male","no","2006-99-99",NA,"pe0501","pe0502"
"pe0515","PE","female","no","1996-99-99",NA,"pe0501","pe0502"
"pe0601","PE","male","no","1980-99-99",NA,"pe3101","pe9061"
"pe0602","PE","female","no","1985-99-99",NA,"pe9718","pe3901"
"pe0603","PE","male","no","2003-99-99",NA,"pe0601","pe0602"
"pe0604","PE","female","no","2005-99-99",NA,"pe0601","pe0602"
"pe0605","PE","female","no","2007-99-99",NA,"pe0601","pe0602"
"pe0607","PE","male","no","2010-99-99",NA,"pe0601","pe0602"
"pe0608","PE","male","no","2012-99-99",NA,"pe0601","pe0602"
"pe0609","PE","male","no","2013-99-99",NA,"pe0601","pe0602"
"pe0610","PE","female","no","2016-99-99",NA,"pe0601","pe0602"
"pe0701","PE","male","no","1988-99-99",NA,"pe3401","pe3402"
"pe0702","PE","female","no","1993-99-99",NA,"pe9822","pe9090"
"pe0703","PE","male","no","2011-99-99",NA,"pe0701","pe0702"
"pe0704","PE","female","no","2012-99-99",NA,"pe0701","pe0702"
"pe0705","PE","female","no","2008-99-99",NA,"pe0701","pe0702"
"pe0706","PE","male","no","2016-99-99",NA,"pe0701","pe0702"
"pe0801","PE","female","no","1994-99-99",NA,"pe9086","pe9137"
"pe0802","PE","male","no","2008-99-99",NA,"pe0101","pe0801"
"pe0803","PE","male","no","2010-99-99",NA,"pe0101","pe0801"
"pe0804","PE","female","no","2014-99-99",NA,"pe0101","pe0801"
"pe0805","PE","female","no","2002-99-99",NA,"missing","missing"
"pe0806","PE","female","no","2018-99-99",NA,"pe0101","pe0801"
"pe1001","PE","male","no","1983-99-99",NA,"pe3501","pe3502"
"pe1002","PE","female","no","1985-99-99",NA,"pe9055","pe9186"
"pe1003","PE","male","no","2002-99-99",NA,"pe1001","pe1002"
"pe1004","PE","male","no","2005-99-99",NA,"pe1001","pe1002"
"pe1005","PE","female","no","2010-99-99",NA,"pe1001","pe1002"
"pe1006","PE","male","no","2007-99-99",NA,"pe1001","pe1002"
"pe1007","PE","male","no","2013-99-99",NA,"pe1001","pe1002"
"pe1008","PE","female","no","2014-99-99",NA,"pe1001","pe1002"
"pe1009","PE","male","no","2017-99-99",NA,"pe1001","pe1002"
"pe1101","PE","male","no","1966-99-99",NA,"pe9718","pe9832"
"pe1102","PE","female","no","1961-99-99",NA,"pe9022","pe9040"
"pe1103","PE","female","no","2009-99-99",NA,"pe1101","pe1102"
"pe1104","PE","male","no","2011-99-99",NA,"pe1101","pe1102"
"pe1105","PE","male","no","1995-99-99",NA,"missing","pe1102"
"pe1201","PE","male","no","1977-99-99",NA,"pe9179","pe9114"
"pe1202","PE","female","no","1985-99-99",NA,"pe9123","pe9063"
"pe1203","PE","female","no","2006-99-99",NA,"pe1201","missing"
"pe1204","PE","male","no","2008-99-99",NA,"pe1201","missing"
"pe1205","PE","male","no","2008-99-99",NA,"pe1201","missing"
"pe1206","PE","male","no","2010-99-99",NA,"pe1201","pe1202"
"pe1207","PE","male","no","2011-99-99",NA,"pe1201","pe1202"
"pe1208","PE","male","no","2013-99-99",NA,"pe1201","pe1202"
"pe1301","PE","male","no","1993-99-99",NA,"pe3101","pe3201"
"pe1302","PE","female","no","1987-99-99",NA,"pe9065","pe9126"
"pe1303","PE","female","no","2017-99-99",NA,"pe1301","pe1302"
"pe1601","PE","male","no","1984-99-99",NA,"pe9718","pe3901"
"pe1602","PE","female","no","1991-99-99",NA,"pe9062","pe9166"
"pe1603","PE","female","no","2014-99-99",NA,"pe1601","pe1602"
"pe1604","PE","female","no","2016-99-99",NA,"pe1601","pe1602"
"pe1605","PE","male","no","2018-99-99",NA,"pe1601","pe1602"
"pe1701","PE","male","no","1963-99-99",NA,"pe9704","pe9705"
"pe1702","PE","female","no","1957-99-99",NA,"pe9729","pe9707"
"pe1703","PE","male","no","1986-99-99",NA,"missing","missing"
"pe1704","PE","female","no","1993-99-99",NA,"missing","missing"
"pe1705","PE","male","no","1988-99-99",NA,"missing","missing"
"pe1706","PE","female","no","1993-99-99",NA,"missing","missing"
"pe1707","PE","male","no","2016-99-99",NA,"missing","missing"
"pe1901","PE","male","no","1966-99-99",NA,"pe9104","pe9169"
"pe1902","PE","female","no","1969-99-99",NA,"pe9201","pe9162"
"pe1903","PE","male","no","1994-99-99",NA,"pe1901","pe1902"
"pe1904","PE","female","no","2003-99-99",NA,"pe1901","pe1902"
"pe1905","PE","male","no","2004-99-99",NA,"pe1901","pe1902"
"pe1906","PE","female","no","2007-99-99",NA,"pe1901","pe1902"
"pe1907","PE","female","no","2011-99-99",NA,"missing","missing"
"pe1908","PE","female","no","2011-99-99",NA,"missing","missing"
"pe1909","PE","female","no","2016-99-99",NA,"missing","missing"
"pe2001","PE","male","no","1986-99-99",NA,"pe3101","pe3201"
"pe2002","PE","female","no","1995-99-99",NA,"pe9105","pe9138"
"pe2003","PE","female","no","2013-99-99",NA,"pe2001","pe2002"
"pe2004","PE","male","no","2015-99-99",NA,"pe2001","pe2002"
"pe2005","PE","male","no","2017-99-99",NA,"pe2001","pe2002"
"pe2101","PE","male","no","1998-99-99",NA,"pe4501","pe4502"
"pe2102","PE","female","no","1995-99-99",NA,"pe9202","pe9161"
"pe2103","PE","male","no","2017-99-99",NA,"pe2101","pe2102"
"pe2104","PE","male","no","2018-99-99",NA,"pe2101","pe2102"
"pe2201","PE","male","no","1971-99-99",NA,"pe9112","pe9832"
"pe2202","PE","female","no","1983-99-99",NA,"pe9038","pe9028"
"pe2203","PE","female","no","2002-99-99",NA,"pe2201","pe2202"
"pe2204","PE","male","no","2004-99-99",NA,"pe2201","pe2202"
"pe2205","PE","female","no","2008-99-99",NA,"pe2201","pe2202"
"pe2206","PE","female","no","2010-99-99",NA,"pe2201","pe2202"
"pe2207","PE","male","no","2014-99-99",NA,"pe2201","pe2202"
"pe2208","PE","female","no","2017-99-99",NA,"pe2201","pe2202"
"pe2301","PE","female","no","1995-99-99",NA,"pe2701","pe2702"
"pe2302","PE","female","no","2015-99-99",NA,"pe2401","pe2301"
"pe2303","PE","male","no","2017-99-99",NA,"pe2401","pe2301"
"pe2401","PE","male","no","1986-99-99",NA,"pe9718","pe3901"
"pe2402","PE","female","no","1987-99-99",NA,"pe3501","pe3502"
"pe2403","PE","male","no","2006-99-99",NA,"pe2401","pe2402"
"pe2404","PE","female","no","2008-99-99",NA,"pe2401","pe2402"
"pe2405","PE","female","no","2011-99-99",NA,"pe2401","pe2402"
"pe2406","PE","male","no","2014-99-99",NA,"pe2401","pe2402"
"pe2407","PE","female","no","2016-99-99",NA,"pe2401","pe2402"
"pe2501","PE","male","no","1966-99-99",NA,"pe9103","pe9174"
"pe2502","PE","female","no","1983-99-99",NA,"pe2801","pe2802"
"pe2503","PE","female","no","2004-99-99",NA,"pe2501","pe2502"
"pe2504","PE","male","no","2007-99-99",NA,"pe2501","pe2502"
"pe2505","PE","male","no","2010-99-99",NA,"pe2501","pe2502"
"pe2506","PE","male","no","2012-99-99",NA,"pe2501","pe2502"
"pe2507","PE","male","no","2015-99-99",NA,"pe2501","pe2502"
"pe2508","PE","male","no","2017-99-99",NA,"pe2501","pe2502"
"pe2601","PE","male","member","1983-99-99",NA,"pe9180","pe9836"
"pe2602","PE","female","member","1985-99-99",NA,"pe9197","pe9076"
"pe2603","PE","male","no","2000-99-99",NA,"pe2601","pe2602"
"pe2604","PE","female","no","2002-99-99",NA,"pe2601","pe2602"
"pe2605","PE","male","no","2004-99-99",NA,"pe2601","pe2602"
"pe2606","PE","male","no","2000-99-99",NA,"pe2601","pe2602"
"pe2607","PE","female","no","2004-99-99",NA,"pe2601","pe2602"
"pe2608","PE","female","no","2009-99-99",NA,"pe2601","pe2602"
"pe2609","PE","female","no","2013-99-99",NA,"pe2601","pe2602"
"pe2610","PE","female","no","2015-99-99",NA,"pe2601","pe2602"
"pe2611","PE","female","no","2011-99-99",NA,"pe2601","pe2602"
"pe2612","PE","male","no","2017-99-99",NA,"pe2601","pe2602"
"pe2701","PE","male","member","1972-99-99",NA,"pe9729","pe9707"
"pe2702","PE","female","member","1965-99-99",NA,"pe9821","pe9823"
"pe2704","PE","male","no","1999-99-99",NA,"pe2701","pe2702"
"pe2705","PE","male","no","2001-99-99",NA,"pe2701","pe2702"
"pe2706","PE","male","no","2007-99-99",NA,"pe2701","pe2702"
"pe2707","PE","male","no","2009-99-99",NA,"pe2701","pe2702"
"pe2708","PE","female","no","2011-99-99",NA,"pe2701","pe2702"
"pe2709","PE","female","no","2014-99-99",NA,"pe2701","pe2702"
"pe2710","PE","female","no","2015-99-99",NA,"pe2701","pe2702"
"pe2801","PE","male","spouse of member","1955-99-99",NA,"pe9729","pe9707"
"pe2802","PE","female","member","1970-99-99",NA,"pe9841","pe9842"
"pe2803","PE","male","no","1984-99-99",NA,"pe2801","pe2802"
"pe2804","PE","female","no","1995-99-99",NA,"pe2801","pe2802"
"pe2805","PE","male","no","1998-99-99",NA,"pe2801","pe2802"
"pe2806","PE","male","no","2011-99-99",NA,"missing","missing"
"pe2901","PE","male","no","1978-99-99",NA,"pe9110","pe9077"
"pe2902","PE","female","no","1975-99-99",NA,"pe9712","pe9713"
"pe2903","PE","female","no","1990-99-99",NA,"pe2901","pe2902"
"pe2904","PE","female","no","1993-99-99",NA,"pe2901","pe2902"
"pe2905","PE","female","no","2008-99-99",NA,"missing","missing"
"pe2906","PE","male","no","2013-99-99",NA,"missing","missing"
"pe2907","PE","female","no","2004-99-99",NA,"pe2901","pe2902"
"pe3101","PE","male","member","1963-99-99",NA,"pe9815","pe9816"
"pe3102","PE","female","spouse of member","1981-99-99",NA,"pe9080","pe9189"
"pe3103","PE","male","no","2000-99-99",NA,"pe3101","pe3102"
"pe3104","PE","male","no","2003-99-99",NA,"pe3101","pe3102"
"pe3105","PE","male","no","2006-99-99",NA,"pe3101","pe3102"
"pe3106","PE","male","no","2010-99-99",NA,"pe3101","pe3102"
"pe3107","PE","female","no","2012-99-99",NA,"pe3101","pe3102"
"pe3108","PE","male","no","2015-99-99",NA,"pe3101","pe3102"
"pe3109","PE","male","no","2016-99-99",NA,"pe3101","pe3102"
"pe3110","PE","female","no","2009-99-99",NA,"pe3101","pe3102"
"pe3201","PE","female","member","1958-99-99",NA,"pe9817","pe9748"
"pe3202","PE","male","no","2004-99-99",NA,"pe3101","pe3201"
"pe3203","PE","male","no","2008-99-99",NA,"pe3101","pe3201"
"pe3204","PE","female","no","1999-99-99",NA,"pe3101","pe3201"
"pe3205","PE","male","no","2000-99-99",NA,"pe3101","pe3201"
"pe3206","PE","male","no","1996-99-99",NA,"pe3101","pe3201"
"pe3207","PE","male","no","2002-99-99",NA,"pe3101","pe3201"
"pe3301","PE","male","spouse of member","1972-99-99",NA,"pe9918","pe9919"
"pe3302","PE","female","member","1972-99-99",NA,"pe9122","pe9047"
"pe3303","PE","male","no","1995-99-99",NA,"pe3301","pe3302"
"pe3304","PE","male","no","1998-99-99",NA,"pe3301","pe3302"
"pe3305","PE","male","no","2000-99-99",NA,"pe3301","pe3302"
"pe3306","PE","female","no","2001-99-99",NA,"pe3301","pe3302"
"pe3307","PE","female","no","2002-99-99",NA,"pe3301","pe3302"
"pe3308","PE","male","no","2004-99-99",NA,"pe3301","pe3302"
"pe3309","PE","female","no","2006-99-99",NA,"pe3301","pe3302"
"pe3310","PE","female","no","2009-99-99",NA,"pe3301","pe3302"
"pe3311","PE","male","no","2012-99-99",NA,"pe3301","pe3302"
"pe3401","PE","male","no","1968-99-99",NA,"pe9712","pe9713"
"pe3402","PE","female","no","1975-99-99",NA,"pe9806","pe9807"
"pe3403","PE","female","no","1998-99-99",NA,"pe3401","pe3402"
"pe3404","PE","female","no","2003-99-99",NA,"pe3401","pe3402"
"pe3405","PE","male","no","1998-99-99",NA,"pe3401","pe3402"
"pe3406","PE","male","no","2003-99-99",NA,"pe3401","pe3402"
"pe3407","PE","male","no","2008-99-99",NA,"pe3401","pe3402"
"pe3408","PE","male","no","2010-99-99",NA,"pe3401","pe3402"
"pe3409","PE","female","no","2013-99-99",NA,"pe3401","pe3402"
"pe3410","PE","male","no","2014-99-99",NA,"pe3401","pe3402"
"pe3411","PE","male","no","2018-99-99",NA,"missing","missing"
"pe3412","PE","female","no","2017-99-99",NA,"pe3401","pe3402"
"pe3501","PE","male","no","1955-99-99",NA,"pe9708","pe9709"
"pe3502","PE","female","member","1962-99-99",NA,"pe9710","pe9711"
"pe3504","PE","female","no","2002-99-99",NA,"missing","missing"
"pe3505","PE","female","no","2006-99-99",NA,"missing","missing"
"pe3506","PE","female","no","2011-99-99",NA,"missing","missing"
"pe3510","PE","","","NA-99-99",NA,NA,NA
"pe3701","PE","male","no","1994-99-99",NA,"pe0501","pe0502"
"pe3702","PE","female","no","1997-99-99",NA,"pe9172","pe9130"
"pe3703","PE","female","no","2017-99-99",NA,"pe3701","pe3702"
"pe3801","PE","male","no","1948-99-99",NA,"pe9712","pe9713"
"pe3802","PE","female","no","1960-99-99",NA,"pe9714","pe9715"
"pe3803","PE","male","no","1997-99-99",NA,"pe3801","pe3802"
"pe3901","PE","female","no","1944-99-99",NA,"pe9721","pe9722"
"pe3902","PE","female","no","2003-99-99",NA,"missing","missing"
"pe3903","PE","female","no","2007-99-99",NA,"missing","missing"
"pe3904","PE","male","no","1999-99-99",NA,"missing","missing"
"pe4101","PE","male","no","1991-99-99",NA,"missing","missing"
"pe4102","PE","female","no","1995-99-99",NA,"pe3801","pe3802"
"pe4103","PE","male","no","2016-99-99",NA,"missing","missing"
"pe4104","PE","female","no","2017-99-99",NA,"missing","missing"
"pe4301","PE","male","no","1979-99-99",NA,"pe4401","pe9803"
"pe4302","PE","female","no","1987-99-99",NA,"pe1701","pe1702"
"pe4303","PE","female","no","2001-99-99",NA,"pe4301","pe4302"
"pe4304","PE","male","no","2002-99-99",NA,"pe4301","pe4302"
"pe4305","PE","female","no","2004-99-99",NA,"pe4301","pe4302"
"pe4306","PE","male","no","2005-99-99",NA,"pe4301","pe4302"
"pe4307","PE","male","no","2007-99-99",NA,"pe4301","pe4302"
"pe4308","PE","female","no","2009-99-99",NA,"pe4301","pe4302"
"pe4309","PE","female","no","2012-99-99",NA,"pe4301","pe4302"
"pe4310","PE","female","no","2015-99-99",NA,"pe4301","pe4302"
"pe4311","PE","female","no","2017-99-99",NA,"pe4301","pe4302"
"pe4401","PE","male","spouse of member","1948-99-99",NA,"pe9808","pe9809"
"pe4402","PE","female","member","1962-99-99",NA,"pe9064","pe9049"
"pe4403","PE","male","no","1995-99-99",NA,"pe4401","pe4402"
"pe4404","PE","female","no","2010-99-99",NA,"missing","missing"
"pe4501","PE","male","spouse of member","1978-99-99",NA,"pe9827","pe9828"
"pe4502","PE","female","member","1978-99-99",NA,"pe9058","pe9840"
"pe4503","PE","female","no","2004-99-99",NA,"pe4501","pe4502"
"pe4504","PE","male","no","2002-99-99",NA,"pe4501","pe4502"
"pe4505","PE","male","no","2006-99-99",NA,"pe4501","pe4502"
"pe4506","PE","female","no","2008-99-99",NA,"pe4501","pe4502"
"pe4507","PE","male","no","2010-99-99",NA,"pe4501","pe4502"
"pe4508","PE","male","no","2012-99-99",NA,"pe4501","pe4502"
"pe4701","PE","male","no","1995-99-99",NA,"pe4901","pe4902"
"pe4702","PE","female","no","2000-99-99",NA,"pe9149","pe9200"
"pe4801","PE","male","no","1992-99-99",NA,"pe4901","pe4902"
"pe4802","PE","female","no","1996-99-99",NA,"pe0501","pe0502"
"pe4803","PE","female","no","2013-99-99",NA,"pe4801","pe4802"
"pe4804","PE","female","no","2015-99-99",NA,"pe4801","pe4802"
"pe4805","PE","male","no","2017-99-99",NA,"pe4801","pe4802"
"pe4901","PE","male","member","1972-99-99",NA,"pe9702","pe9703"
"pe4902","PE","female","member","1973-99-99",NA,"pe9718","pe3901"
"pe4903","PE","","","NA-99-99",NA,NA,NA
"pe4904","PE","male","no","2001-99-99",NA,"pe4901","pe4902"
"pe4905","PE","male","no","2003-99-99",NA,"pe4901","pe4902"
"pe4906","PE","female","no","2005-99-99",NA,"pe4901","pe4902"
"pe4907","PE","female","no","2008-99-99",NA,"pe4901","pe4902"
"pe4908","PE","female","no","2011-99-99",NA,"pe4901","pe4902"
"pe4909","PE","female","no","2014-99-99",NA,"pe4901","pe4902"
"pe4910","PE","female","no","2016-99-99",NA,"pe4901","pe4902"
"pe5201","PE","male","no","1969-99-99",NA,"pe9702","pe9836"
"pe5202","PE","female","no","1996-99-99",NA,"pe9023","pe9165"
"pe5203","PE","male","no","2015-99-99",NA,"missing","pe5202"
"pe5204","PE","male","no","2017-99-99",NA,"pe5201","pe5202"
"pe5301","PE","","","NA-99-99",NA,NA,NA
"pe5401","PE","female","no","1979-99-99",NA,"pe4401","pe9803"
"pe5402","PE","female","no","1994-99-99",NA,"pe5201","pe5401"
"pe5403","PE","female","no","1996-99-99",NA,"pe5201","pe5401"
"pe5404","PE","female","no","1998-99-99",NA,"pe5201","pe5401"
"pe5405","PE","female","no","2000-99-99",NA,"pe5201","pe5401"
"pe5406","PE","male","no","2002-99-99",NA,"pe5201","pe5401"
"pe5407","PE","female","no","2004-99-99",NA,"pe5201","pe5401"
"pe5408","PE","male","no","2006-99-99",NA,"pe5201","pe5401"
"pe5409","PE","male","no","2008-99-99",NA,"pe5201","pe5401"
"pe5410","PE","female","no","2010-99-99",NA,"pe5201","pe5401"
"pe5411","PE","female","no","2012-99-99",NA,"pe5201","pe5401"
"pe5412","PE","male","no","2014-99-99",NA,"pe5201","pe5401"
"pe5701","PE","female","no","1993-99-99",NA,"pe1701","pe1702"
"pe5702","PE","male","no","2015-99-99",NA,"pe4501","pe5701"
"pe5703","PE","male","no","2017-99-99",NA,"pe4501","pe5701"
"pe6002","PE","","","NA-99-99",NA,NA,NA
"pe6101","PE","male","spouse of member","1980-99-99",NA,"pe1701","pe1702"
"pe6102","PE","female","no","1989-99-99",NA,"pe9827","pe9828"
"pe6103","PE","male","no","2011-99-99",NA,"pe6101","pe6102"
"pe6104","PE","female","no","2013-99-99",NA,"pe6101","pe6102"
"pe6105","PE","male","no","2014-99-99",NA,"pe6101","pe6102"
"pe6106","PE","male","no","2016-99-99",NA,"pe6101","pe6102"
"pe6107","PE","female","no","2018-99-99",NA,"pe6101","pe6102"
"pe6201","PE","male","no","1996-99-99",NA,"pe9083","pe9176"
"pe7001","PE","","","NA-99-99",NA,NA,NA
"pe7002","PE","","","NA-99-99",NA,NA,NA
"pe7003","PE","","","NA-99-99",NA,NA,NA
"pe7004","PE","","","NA-99-99",NA,NA,NA
"pe7005","PE","","","NA-99-99",NA,NA,NA
"pe7007","PE","","","NA-99-99",NA,NA,NA
"pe7008","PE","","","NA-99-99",NA,NA,NA
"pe7009","PE","","","NA-99-99",NA,NA,NA
"pe7010","PE","","","NA-99-99",NA,NA,NA
"pe7011","PE","","","NA-99-99",NA,NA,NA
"pe7012","PE","","","NA-99-99",NA,NA,NA
"pe7013","PE","","","NA-99-99",NA,NA,NA
"pe7014","PE","","","NA-99-99",NA,NA,NA
"pe7015","PE","","","NA-99-99",NA,NA,NA
"pe7016","PE","","","NA-99-99",NA,NA,NA
"pe7017","PE","","","NA-99-99",NA,NA,NA
"pe7018","PE","","","NA-99-99",NA,NA,NA
"pe7019","PE","","","NA-99-99",NA,NA,NA
"pe7020","PE","","","NA-99-99",NA,NA,NA
"pe7021","PE","","","NA-99-99",NA,NA,NA
"pe7022","PE","","","NA-99-99",NA,NA,NA
"pe7023","PE","","","NA-99-99",NA,NA,NA
"pe7024","PE","","","NA-99-99",NA,NA,NA
"pe7025","PE","","","NA-99-99",NA,NA,NA
"pe7026","PE","","","NA-99-99",NA,NA,NA
"pe7027","PE","","","NA-99-99",NA,NA,NA
"pe7028","PE","","","NA-99-99",NA,NA,NA
"pe7029","PE","","","NA-99-99",NA,NA,NA
"pe7030","PE","","","NA-99-99",NA,NA,NA
"pe7031","PE","","","NA-99-99",NA,NA,NA
"pe7032","PE","","","NA-99-99",NA,NA,NA
"pe7033","PE","","","NA-99-99",NA,NA,NA
"pe7034","PE","","","NA-99-99",NA,NA,NA
"pe7035","PE","","","NA-99-99",NA,NA,NA
"pe7036","PE","","","NA-99-99",NA,NA,NA
"pe7037","PE","","","NA-99-99",NA,NA,NA
"pe7038","PE","","","NA-99-99",NA,NA,NA
"pe7039","PE","","","NA-99-99",NA,NA,NA
"pe7040","PE","","","NA-99-99",NA,NA,NA
"pe7041","PE","","","NA-99-99",NA,NA,NA
"pe7042","PE","","","NA-99-99",NA,NA,NA
"pe7043","PE","","","NA-99-99",NA,NA,NA
"pe7044","PE","","","NA-99-99",NA,NA,NA
"pe7045","PE","","","NA-99-99",NA,NA,NA
"pe7046","PE","","","NA-99-99",NA,NA,NA
"pe7047","PE","","","NA-99-99",NA,NA,NA
"pe7048","PE","","","NA-99-99",NA,NA,NA
"pe7049","PE","","","NA-99-99",NA,NA,NA
"pe7050","PE","","","NA-99-99",NA,NA,NA
"pe7051","PE","","","NA-99-99",NA,NA,NA
"pe7052","PE","","","NA-99-99",NA,NA,NA
"pe7053","PE","","","NA-99-99",NA,NA,NA
"pe7054","PE","","","NA-99-99",NA,NA,NA
"pe7055","PE","","","NA-99-99",NA,NA,NA
"pe7056","PE","","","NA-99-99",NA,NA,NA
"pe7057","PE","","","NA-99-99",NA,NA,NA
"pe7058","PE","","","NA-99-99",NA,NA,NA
"pe7059","PE","","","NA-99-99",NA,NA,NA
"pe7060","PE","","","NA-99-99",NA,NA,NA
"pe7061","PE","","","NA-99-99",NA,NA,NA
"pe7063","PE","","","NA-99-99",NA,NA,NA
"pe7064","PE","","","NA-99-99",NA,NA,NA
"pe7065","PE","","","NA-99-99",NA,NA,NA
"pe7066","PE","","","NA-99-99",NA,NA,NA
"pe7067","PE","","","NA-99-99",NA,NA,NA
"pe7068","PE","","","NA-99-99",NA,NA,NA
"pe7069","PE","","","NA-99-99",NA,NA,NA
"pe7070","PE","","","NA-99-99",NA,NA,NA
"pe7071","PE","","","NA-99-99",NA,NA,NA
"pe7072","PE","","","NA-99-99",NA,NA,NA
"pe7073","PE","","","NA-99-99",NA,NA,NA
"pe7074","PE","","","NA-99-99",NA,NA,NA
"pe7075","PE","","","NA-99-99",NA,NA,NA
"pe7076","PE","","","NA-99-99",NA,NA,NA
"pe7077","PE","","","NA-99-99",NA,NA,NA
"pe7078","PE","","","NA-99-99",NA,NA,NA
"pe7079","PE","","","NA-99-99",NA,NA,NA
"pe7080","PE","","","NA-99-99",NA,NA,NA
"pe7081","PE","","","NA-99-99",NA,NA,NA
"pe7082","PE","","","NA-99-99",NA,NA,NA
"pe7083","PE","","","NA-99-99",NA,NA,NA
"pe7084","PE","","","NA-99-99",NA,NA,NA
"pe7085","PE","","","NA-99-99",NA,NA,NA
"pe7086","PE","","","NA-99-99",NA,NA,NA
"pe7087","PE","","","NA-99-99",NA,NA,NA
"pe7088","PE","","","NA-99-99",NA,NA,NA
"pe7089","PE","","","NA-99-99",NA,NA,NA
"pe7090","PE","","","NA-99-99",NA,NA,NA
"pe7091","PE","","","NA-99-99",NA,NA,NA
"pe7092","PE","","","NA-99-99",NA,NA,NA
"pe7094","PE","","","NA-99-99",NA,NA,NA
"pe7096","PE","","","NA-99-99",NA,NA,NA
"pe7097","PE","","","NA-99-99",NA,NA,NA
"pe7098","PE","","","NA-99-99",NA,NA,NA
"pe7099","PE","","","NA-99-99",NA,NA,NA
"pe7100","PE","","","NA-99-99",NA,NA,NA
"pe7101","PE","","","NA-99-99",NA,NA,NA
"pe7102","PE","","","NA-99-99",NA,NA,NA
"pe7103","PE","","","NA-99-99",NA,NA,NA
"pe7104","PE","","","NA-99-99",NA,NA,NA
"pe7105","PE","","","NA-99-99",NA,NA,NA
"pe7106","PE","","","NA-99-99",NA,NA,NA
"pe7107","PE","","","NA-99-99",NA,NA,NA
"pe7108","PE","","","NA-99-99",NA,NA,NA
"pe7109","PE","","","NA-99-99",NA,NA,NA
"pe7110","PE","","","NA-99-99",NA,NA,NA
"pe7111","PE","","","NA-99-99",NA,NA,NA
"pe7112","PE","","","NA-99-99",NA,NA,NA
"pe7113","PE","","","NA-99-99",NA,NA,NA
"pe7114","PE","","","NA-99-99",NA,NA,NA
"pe7115","PE","","","NA-99-99",NA,NA,NA
"pe7116","PE","","","NA-99-99",NA,NA,NA
"pe7117","PE","","","NA-99-99",NA,NA,NA
"pe7118","PE","","","NA-99-99",NA,NA,NA
"pe7119","PE","","","NA-99-99",NA,NA,NA
"pe7120","PE","","","NA-99-99",NA,NA,NA
"pe7121","PE","","","NA-99-99",NA,NA,NA
"pe7122","PE","","","NA-99-99",NA,NA,NA
"pe7123","PE","","","NA-99-99",NA,NA,NA
"pe7124","PE","","","NA-99-99",NA,NA,NA
"pe7125","PE","","","NA-99-99",NA,NA,NA
"pe7126","PE","","","NA-99-99",NA,NA,NA
"pe7127","PE","","","NA-99-99",NA,NA,NA
"pe7128","PE","","","NA-99-99",NA,NA,NA
"pe7129","PE","","","NA-99-99",NA,NA,NA
"pe7130","PE","","","NA-99-99",NA,NA,NA
"pe7131","PE","","","NA-99-99",NA,NA,NA
"pe7132","PE","","","NA-99-99",NA,NA,NA
"pe7133","PE","","","NA-99-99",NA,NA,NA
"pe7134","PE","","","NA-99-99",NA,NA,NA
"pe7135","PE","","","NA-99-99",NA,NA,NA
"pe7136","PE","","","NA-99-99",NA,NA,NA
"pe7137","PE","","","NA-99-99",NA,NA,NA
"pe7138","PE","","","NA-99-99",NA,NA,NA
"pe7140","PE","","","NA-99-99",NA,NA,NA
"pe7141","PE","","","NA-99-99",NA,NA,NA
"pe7142","PE","","","NA-99-99",NA,NA,NA
"pe7143","PE","","","NA-99-99",NA,NA,NA
"pe7144","PE","","","NA-99-99",NA,NA,NA
"pe7145","PE","","","NA-99-99",NA,NA,NA
"pe7146","PE","","","NA-99-99",NA,NA,NA
"pe7147","PE","","","NA-99-99",NA,NA,NA
"pe7148","PE","","","NA-99-99",NA,NA,NA
"pe7149","PE","","","NA-99-99",NA,NA,NA
"pe7150","PE","","","NA-99-99",NA,NA,NA
"pe7151","PE","","","NA-99-99",NA,NA,NA
"pe7152","PE","","","NA-99-99",NA,NA,NA
"pe7153","PE","","","NA-99-99",NA,NA,NA
"pe7154","PE","","","NA-99-99",NA,NA,NA
"pe7156","PE","","","NA-99-99",NA,NA,NA
"pe7157","PE","","","NA-99-99",NA,NA,NA
"pe7158","PE","","","NA-99-99",NA,NA,NA
"pe7159","PE","","","NA-99-99",NA,NA,NA
"pe7160","PE","","","NA-99-99",NA,NA,NA
"pe7161","PE","","","NA-99-99",NA,NA,NA
"pe7162","PE","","","NA-99-99",NA,NA,NA
"pe7163","PE","","","NA-99-99",NA,NA,NA
"pe7164","PE","","","NA-99-99",NA,NA,NA
"pe7165","PE","","","NA-99-99",NA,NA,NA
"pe7166","PE","","","NA-99-99",NA,NA,NA
"pe7167","PE","","","NA-99-99",NA,NA,NA
"pe7168","PE","","","NA-99-99",NA,NA,NA
"pe7169","PE","","","NA-99-99",NA,NA,NA
"pe7170","PE","","","NA-99-99",NA,NA,NA
"pe7171","PE","","","NA-99-99",NA,NA,NA
"pe7172","PE","","","NA-99-99",NA,NA,NA
"pe7173","PE","","","NA-99-99",NA,NA,NA
"pe7174","PE","","","NA-99-99",NA,NA,NA
"pe7175","PE","","","NA-99-99",NA,NA,NA
"pe7176","PE","","","NA-99-99",NA,NA,NA
"pe7177","PE","","","NA-99-99",NA,NA,NA
"pe7178","PE","","","NA-99-99",NA,NA,NA
"pe7179","PE","","","NA-99-99",NA,NA,NA
"pe7180","PE","","","NA-99-99",NA,NA,NA
"pe7181","PE","","","NA-99-99",NA,NA,NA
"pe7182","PE","","","NA-99-99",NA,NA,NA
"pe7183","PE","","","NA-99-99",NA,NA,NA
"pe7184","PE","","","NA-99-99",NA,NA,NA
"pe7185","PE","","","NA-99-99",NA,NA,NA
"pe7186","PE","","","NA-99-99",NA,NA,NA
"pe7187","PE","","","NA-99-99",NA,NA,NA
"pe7188","PE","","","NA-99-99",NA,NA,NA
"pe7189","PE","","","NA-99-99",NA,NA,NA
"pe7190","PE","","","NA-99-99",NA,NA,NA
"pe7191","PE","","","NA-99-99",NA,NA,NA
"pe7192","PE","","","NA-99-99",NA,NA,NA
"pe7193","PE","","","NA-99-99",NA,NA,NA
"pe7194","PE","","","NA-99-99",NA,NA,NA
"pe7195","PE","","","NA-99-99",NA,NA,NA
"pe7196","PE","","","NA-99-99",NA,NA,NA
"pe7197","PE","","","NA-99-99",NA,NA,NA
"pe7198","PE","","","NA-99-99",NA,NA,NA
"pe7199","PE","","","NA-99-99",NA,NA,NA
"pe7200","PE","","","NA-99-99",NA,NA,NA
"pe7201","PE","","","NA-99-99",NA,NA,NA
"pe7202","PE","","","NA-99-99",NA,NA,NA
"pe7203","PE","","","NA-99-99",NA,NA,NA
"pe7204","PE","","","NA-99-99",NA,NA,NA
"pe7205","PE","","","NA-99-99",NA,NA,NA
"pe7206","PE","","","NA-99-99",NA,NA,NA
"pe7207","PE","","","NA-99-99",NA,NA,NA
"pe7208","PE","","","NA-99-99",NA,NA,NA
"pe7209","PE","","","NA-99-99",NA,NA,NA
"pe7210","PE","","","NA-99-99",NA,NA,NA
"pe7211","PE","","","NA-99-99",NA,NA,NA
"pe7212","PE","","","NA-99-99",NA,NA,NA
"pe7213","PE","","","NA-99-99",NA,NA,NA
"pe7215","PE","","","NA-99-99",NA,NA,NA
"pe7216","PE","","","NA-99-99",NA,NA,NA
"pe7217","PE","","","NA-99-99",NA,NA,NA
"pe7218","PE","","","NA-99-99",NA,NA,NA
"pe7219","PE","","","NA-99-99",NA,NA,NA
"pe7220","PE","","","NA-99-99",NA,NA,NA
"pe7221","PE","","","NA-99-99",NA,NA,NA
"pe7222","PE","","","NA-99-99",NA,NA,NA
"pe7223","PE","","","NA-99-99",NA,NA,NA
"pe7224","PE","","","NA-99-99",NA,NA,NA
"pe7225","PE","","","NA-99-99",NA,NA,NA
"pe7226","PE","","","NA-99-99",NA,NA,NA
"pe7227","PE","","","NA-99-99",NA,NA,NA
"pe7228","PE","","","NA-99-99",NA,NA,NA
"pe7229","PE","","","NA-99-99",NA,NA,NA
"pe7230","PE","","","NA-99-99",NA,NA,NA
"pe7231","PE","","","NA-99-99",NA,NA,NA
"pe7232","PE","","","NA-99-99",NA,NA,NA
"pe7233","PE","","","NA-99-99",NA,NA,NA
"pe7234","PE","","","NA-99-99",NA,NA,NA
"pe7235","PE","","","NA-99-99",NA,NA,NA
"pe7236","PE","","","NA-99-99",NA,NA,NA
"pe7237","PE","","","NA-99-99",NA,NA,NA
"pe7238","PE","","","NA-99-99",NA,NA,NA
"pe7239","PE","","","NA-99-99",NA,NA,NA
"pe7240","PE","","","NA-99-99",NA,NA,NA
"pe7241","PE","","","NA-99-99",NA,NA,NA
"pe7242","PE","","","NA-99-99",NA,NA,NA
"pe7243","PE","","","NA-99-99",NA,NA,NA
"pe7244","PE","","","NA-99-99",NA,NA,NA
"pe7245","PE","","","NA-99-99",NA,NA,NA
"pe7246","PE","","","NA-99-99",NA,NA,NA
"pe7247","PE","","","NA-99-99",NA,NA,NA
"pe7248","PE","","","NA-99-99",NA,NA,NA
"pe7249","PE","","","NA-99-99",NA,NA,NA
"pe7250","PE","","","NA-99-99",NA,NA,NA
"pe7251","PE","","","NA-99-99",NA,NA,NA
"pe7252","PE","","","NA-99-99",NA,NA,NA
"pe7253","PE","","","NA-99-99",NA,NA,NA
"pe7254","PE","","","NA-99-99",NA,NA,NA
"pe7255","PE","","","NA-99-99",NA,NA,NA
"pe7256","PE","","","NA-99-99",NA,NA,NA
"pe7257","PE","","","NA-99-99",NA,NA,NA
"pe7258","PE","","","NA-99-99",NA,NA,NA
"pe7259","PE","","","NA-99-99",NA,NA,NA
"pe7260","PE","","","NA-99-99",NA,NA,NA
"pe7261","PE","","","NA-99-99",NA,NA,NA
"pe7262","PE","","","NA-99-99",NA,NA,NA
"pe7263","PE","","","NA-99-99",NA,NA,NA
"pe7264","PE","","","NA-99-99",NA,NA,NA
"pe7265","PE","","","NA-99-99",NA,NA,NA
"pe7266","PE","","","NA-99-99",NA,NA,NA
"pe7267","PE","","","NA-99-99",NA,NA,NA
"pe7268","PE","","","NA-99-99",NA,NA,NA
"pe7269","PE","","","NA-99-99",NA,NA,NA
"pe7270","PE","","","NA-99-99",NA,NA,NA
"pe7271","PE","","","NA-99-99",NA,NA,NA
"pe7272","PE","","","NA-99-99",NA,NA,NA
"pe7273","PE","","","NA-99-99",NA,NA,NA
"pe7274","PE","","","NA-99-99",NA,NA,NA
"pe7275","PE","","","NA-99-99",NA,NA,NA
"pe7276","PE","","","NA-99-99",NA,NA,NA
"pe7277","PE","","","NA-99-99",NA,NA,NA
"pe7278","PE","","","NA-99-99",NA,NA,NA
"pe7279","PE","","","NA-99-99",NA,NA,NA
"pe7280","PE","","","NA-99-99",NA,NA,NA
"pe7281","PE","","","NA-99-99",NA,NA,NA
"pe7282","PE","","","NA-99-99",NA,NA,NA
"pe7283","PE","","","NA-99-99",NA,NA,NA
"pe7284","PE","","","NA-99-99",NA,NA,NA
"pe7285","PE","","","NA-99-99",NA,NA,NA
"pe7286","PE","","","NA-99-99",NA,NA,NA
"pe7287","PE","","","NA-99-99",NA,NA,NA
"pe7288","PE","","","NA-99-99",NA,NA,NA
"pe7289","PE","","","NA-99-99",NA,NA,NA
"pe7290","PE","","","NA-99-99",NA,NA,NA
"pe7291","PE","","","NA-99-99",NA,NA,NA
"pe7292","PE","","","NA-99-99",NA,NA,NA
"pe7293","PE","","","NA-99-99",NA,NA,NA
"pe7294","PE","","","NA-99-99",NA,NA,NA
"pe7295","PE","","","NA-99-99",NA,NA,NA
"pe7296","PE","","","NA-99-99",NA,NA,NA
"pe7297","PE","","","NA-99-99",NA,NA,NA
"pe7298","PE","","","NA-99-99",NA,NA,NA
"pe7299","PE","","","NA-99-99",NA,NA,NA
"pe7300","PE","","","NA-99-99",NA,NA,NA
"pe7301","PE","","","NA-99-99",NA,NA,NA
"pe7302","PE","","","NA-99-99",NA,NA,NA
"pe7303","PE","","","NA-99-99",NA,NA,NA
"pe7304","PE","","","NA-99-99",NA,NA,NA
"pe7305","PE","","","NA-99-99",NA,NA,NA
"pe7306","PE","","","NA-99-99",NA,NA,NA
"pe7307","PE","","","NA-99-99",NA,NA,NA
"pe7308","PE","","","NA-99-99",NA,NA,NA
"pe7309","PE","","","NA-99-99",NA,NA,NA
"pe7310","PE","","","NA-99-99",NA,NA,NA
"pe7311","PE","","","NA-99-99",NA,NA,NA
"pe7312","PE","","","NA-99-99",NA,NA,NA
"pe7313","PE","","","NA-99-99",NA,NA,NA
"pe7314","PE","","","NA-99-99",NA,NA,NA
"pe7315","PE","","","NA-99-99",NA,NA,NA
"pe7316","PE","","","NA-99-99",NA,NA,NA
"pe7317","PE","","","NA-99-99",NA,NA,NA
"pe7318","PE","","","NA-99-99",NA,NA,NA
"pe7319","PE","","","NA-99-99",NA,NA,NA
"pe7320","PE","","","NA-99-99",NA,NA,NA
"pe7321","PE","","","NA-99-99",NA,NA,NA
"pe7322","PE","","","NA-99-99",NA,NA,NA
"pe7323","PE","","","NA-99-99",NA,NA,NA
"pe7324","PE","","","NA-99-99",NA,NA,NA
"pe7325","PE","","","NA-99-99",NA,NA,NA
"pe7326","PE","","","NA-99-99",NA,NA,NA
"pe7327","PE","","","NA-99-99",NA,NA,NA
"pe7328","PE","","","NA-99-99",NA,NA,NA
"pe7329","PE","","","NA-99-99",NA,NA,NA
"pe7330","PE","","","NA-99-99",NA,NA,NA
"pe7331","PE","","","NA-99-99",NA,NA,NA
"pe7332","PE","","","NA-99-99",NA,NA,NA
"pe7333","PE","","","NA-99-99",NA,NA,NA
"pe7334","PE","","","NA-99-99",NA,NA,NA
"pe7335","PE","","","NA-99-99",NA,NA,NA
"pe7336","PE","","","NA-99-99",NA,NA,NA
"pe7337","PE","","","NA-99-99",NA,NA,NA
"pe7338","PE","","","NA-99-99",NA,NA,NA
"pe7339","PE","","","NA-99-99",NA,NA,NA
"pe7340","PE","","","NA-99-99",NA,NA,NA
"pe7341","PE","","","NA-99-99",NA,NA,NA
"pe7342","PE","","","NA-99-99",NA,NA,NA
"pe7343","PE","","","NA-99-99",NA,NA,NA
"pe7344","PE","","","NA-99-99",NA,NA,NA
"pe7345","PE","","","NA-99-99",NA,NA,NA
"pe7346","PE","","","NA-99-99",NA,NA,NA
"pe7347","PE","","","NA-99-99",NA,NA,NA
"pe7348","PE","","","NA-99-99",NA,NA,NA
"pe7349","PE","","","NA-99-99",NA,NA,NA
"pe7350","PE","","","NA-99-99",NA,NA,NA
"pe7351","PE","","","NA-99-99",NA,NA,NA
"pe7352","PE","","","NA-99-99",NA,NA,NA
"pe7353","PE","","","NA-99-99",NA,NA,NA
"pe7354","PE","","","NA-99-99",NA,NA,NA
"pe7355","PE","","","NA-99-99",NA,NA,NA
"pe7356","PE","","","NA-99-99",NA,NA,NA
"pe7357","PE","","","NA-99-99",NA,NA,NA
"pe7358","PE","","","NA-99-99",NA,NA,NA
"pe7359","PE","","","NA-99-99",NA,NA,NA
"pe7360","PE","","","NA-99-99",NA,NA,NA
"pe7361","PE","","","NA-99-99",NA,NA,NA
"pe7362","PE","","","NA-99-99",NA,NA,NA
"pe7363","PE","","","NA-99-99",NA,NA,NA
"pe7364","PE","","","NA-99-99",NA,NA,NA
"pe7365","PE","","","NA-99-99",NA,NA,NA
"pe7366","PE","","","NA-99-99",NA,NA,NA
"pe7367","PE","","","NA-99-99",NA,NA,NA
"pe7368","PE","","","NA-99-99",NA,NA,NA
"pe7369","PE","","","NA-99-99",NA,NA,NA
"pe7370","PE","","","NA-99-99",NA,NA,NA
"pe7371","PE","","","NA-99-99",NA,NA,NA
"pe7372","PE","","","NA-99-99",NA,NA,NA
"pe7373","PE","","","NA-99-99",NA,NA,NA
"pe7374","PE","","","NA-99-99",NA,NA,NA
"pe7375","PE","","","NA-99-99",NA,NA,NA
"pe7376","PE","","","NA-99-99",NA,NA,NA
"pe7377","PE","","","NA-99-99",NA,NA,NA
"pe7378","PE","","","NA-99-99",NA,NA,NA
"pe7379","PE","","","NA-99-99",NA,NA,NA
"pe7380","PE","","","NA-99-99",NA,NA,NA
"pe7382","PE","","","NA-99-99",NA,NA,NA
"pe7383","PE","","","NA-99-99",NA,NA,NA
"pe7384","PE","","","NA-99-99",NA,NA,NA
"pe7385","PE","","","NA-99-99",NA,NA,NA
"pe7386","PE","","","NA-99-99",NA,NA,NA
"pe7387","PE","","","NA-99-99",NA,NA,NA
"pe7388","PE","","","NA-99-99",NA,NA,NA
"pe7389","PE","","","NA-99-99",NA,NA,NA
"pe7390","PE","","","NA-99-99",NA,NA,NA
"pe7391","PE","","","NA-99-99",NA,NA,NA
"pe7392","PE","","","NA-99-99",NA,NA,NA
"pe7393","PE","","","NA-99-99",NA,NA,NA
"pe7394","PE","","","NA-99-99",NA,NA,NA
"pe7395","PE","","","NA-99-99",NA,NA,NA
"pe7396","PE","","","NA-99-99",NA,NA,NA
"pe7397","PE","","","NA-99-99",NA,NA,NA
"pe7398","PE","","","NA-99-99",NA,NA,NA
"pe7399","PE","","","NA-99-99",NA,NA,NA
"pe7400","PE","","","NA-99-99",NA,NA,NA
"pe7401","PE","","","NA-99-99",NA,NA,NA
"pe7403","PE","","","NA-99-99",NA,NA,NA
"pe7404","PE","","","NA-99-99",NA,NA,NA
"pe7405","PE","","","NA-99-99",NA,NA,NA
"pe7406","PE","","","NA-99-99",NA,NA,NA
"pe7407","PE","","","NA-99-99",NA,NA,NA
"pe7408","PE","","","NA-99-99",NA,NA,NA
"pe7409","PE","","","NA-99-99",NA,NA,NA
"pe7410","PE","","","NA-99-99",NA,NA,NA
"pe7411","PE","","","NA-99-99",NA,NA,NA
"pe7412","PE","","","NA-99-99",NA,NA,NA
"pe7413","PE","","","NA-99-99",NA,NA,NA
"pe7414","PE","","","NA-99-99",NA,NA,NA
"pe7415","PE","","","NA-99-99",NA,NA,NA
"pe7416","PE","","","NA-99-99",NA,NA,NA
"pe7417","PE","","","NA-99-99",NA,NA,NA
"pe7418","PE","","","NA-99-99",NA,NA,NA
"pe7419","PE","","","NA-99-99",NA,NA,NA
"pe7420","PE","","","NA-99-99",NA,NA,NA
"pe7421","PE","","","NA-99-99",NA,NA,NA
"pe7422","PE","","","NA-99-99",NA,NA,NA
"pe7423","PE","","","NA-99-99",NA,NA,NA
"pe7425","PE","","","NA-99-99",NA,NA,NA
"pe7426","PE","","","NA-99-99",NA,NA,NA
"pe7427","PE","","","NA-99-99",NA,NA,NA
"pe7428","PE","","","NA-99-99",NA,NA,NA
"pe7429","PE","","","NA-99-99",NA,NA,NA
"pe7430","PE","","","NA-99-99",NA,NA,NA
"pe7431","PE","","","NA-99-99",NA,NA,NA
"pe7432","PE","","","NA-99-99",NA,NA,NA
"pe7433","PE","","","NA-99-99",NA,NA,NA
"pe7434","PE","","","NA-99-99",NA,NA,NA
"pe7435","PE","","","NA-99-99",NA,NA,NA
"pe7436","PE","","","NA-99-99",NA,NA,NA
"pe7437","PE","","","NA-99-99",NA,NA,NA
"pe7438","PE","","","NA-99-99",NA,NA,NA
"pe7439","PE","","","NA-99-99",NA,NA,NA
"pe7440","PE","","","NA-99-99",NA,NA,NA
"pe7441","PE","","","NA-99-99",NA,NA,NA
"pe7442","PE","","","NA-99-99",NA,NA,NA
"pe7443","PE","","","NA-99-99",NA,NA,NA
"pe7444","PE","","","NA-99-99",NA,NA,NA
"pe7445","PE","","","NA-99-99",NA,NA,NA
"pe7446","PE","","","NA-99-99",NA,NA,NA
"pe7447","PE","","","NA-99-99",NA,NA,NA
"pe7448","PE","","","NA-99-99",NA,NA,NA
"pe7449","PE","","","NA-99-99",NA,NA,NA
"pe7450","PE","","","NA-99-99",NA,NA,NA
"pe7451","PE","","","NA-99-99",NA,NA,NA
"pe7452","PE","","","NA-99-99",NA,NA,NA
"pe7453","PE","","","NA-99-99",NA,NA,NA
"pe7454","PE","","","NA-99-99",NA,NA,NA
"pe7455","PE","","","NA-99-99",NA,NA,NA
"pe7456","PE","","","NA-99-99",NA,NA,NA
"pe7457","PE","","","NA-99-99",NA,NA,NA
"pe7458","PE","","","NA-99-99",NA,NA,NA
"pe7459","PE","","","NA-99-99",NA,NA,NA
"pe7460","PE","","","NA-99-99",NA,NA,NA
"pe7461","PE","","","NA-99-99",NA,NA,NA
"pe7462","PE","","","NA-99-99",NA,NA,NA
"pe7463","PE","","","NA-99-99",NA,NA,NA
"pe7464","PE","","","NA-99-99",NA,NA,NA
"pe7465","PE","","","NA-99-99",NA,NA,NA
"pe7466","PE","","","NA-99-99",NA,NA,NA
"pe7467","PE","","","NA-99-99",NA,NA,NA
"pe7468","PE","","","NA-99-99",NA,NA,NA
"pe7469","PE","","","NA-99-99",NA,NA,NA
"pe7470","PE","","","NA-99-99",NA,NA,NA
"pe7471","PE","","","NA-99-99",NA,NA,NA
"pe7472","PE","","","NA-99-99",NA,NA,NA
"pe7473","PE","","","NA-99-99",NA,NA,NA
"pe7474","PE","","","NA-99-99",NA,NA,NA
"pe7475","PE","","","NA-99-99",NA,NA,NA
"pe7476","PE","","","NA-99-99",NA,NA,NA
"pe7477","PE","","","NA-99-99",NA,NA,NA
"pe7478","PE","","","NA-99-99",NA,NA,NA
"pe7479","PE","","","NA-99-99",NA,NA,NA
"pe7480","PE","","","NA-99-99",NA,NA,NA
"pe7481","PE","","","NA-99-99",NA,NA,NA
"pe7482","PE","","","NA-99-99",NA,NA,NA
"pe7483","PE","","","NA-99-99",NA,NA,NA
"pe7484","PE","","","NA-99-99",NA,NA,NA
"pe7485","PE","","","NA-99-99",NA,NA,NA
"pe7486","PE","","","NA-99-99",NA,NA,NA
"pe7487","PE","","","NA-99-99",NA,NA,NA
"pe7488","PE","","","NA-99-99",NA,NA,NA
"pe7489","PE","","","NA-99-99",NA,NA,NA
"pe7490","PE","","","NA-99-99",NA,NA,NA
"pe7491","PE","","","NA-99-99",NA,NA,NA
"pe7492","PE","","","NA-99-99",NA,NA,NA
"pe7493","PE","","","NA-99-99",NA,NA,NA
"pe7494","PE","","","NA-99-99",NA,NA,NA
"pe7495","PE","","","NA-99-99",NA,NA,NA
"pe7496","PE","","","NA-99-99",NA,NA,NA
"pe7497","PE","","","NA-99-99",NA,NA,NA
"pe7498","PE","","","NA-99-99",NA,NA,NA
"pe7499","PE","","","NA-99-99",NA,NA,NA
"pe7500","PE","","","NA-99-99",NA,NA,NA
"pe7501","PE","","","NA-99-99",NA,NA,NA
"pe7502","PE","","","NA-99-99",NA,NA,NA
"pe7503","PE","","","NA-99-99",NA,NA,NA
"pe7504","PE","","","NA-99-99",NA,NA,NA
"pe7505","PE","","","NA-99-99",NA,NA,NA
"pe7506","PE","","","NA-99-99",NA,NA,NA
"pe7507","PE","","","NA-99-99",NA,NA,NA
"pe7508","PE","","","NA-99-99",NA,NA,NA
"pe7510","PE","","","NA-99-99",NA,NA,NA
"pe9001","PE","","","NA-99-99",NA,"0","0"
"pe9002","PE","","","NA-99-99",NA,"0","0"
"pe9003","PE","","","NA-99-99",NA,"0","0"
"pe9004","PE","","","NA-99-99",NA,"0","0"
"pe9005","PE","","","NA-99-99",NA,"0","0"
"pe9006","PE","","","NA-99-99",NA,"0","0"
"pe9008","PE","","","NA-99-99",NA,"0","0"
"pe9009","PE","","","NA-99-99",NA,"0","0"
"pe9010","PE","","","NA-99-99",NA,"0","0"
"pe9012","PE","","","NA-99-99",NA,"0","0"
"pe9013","PE","","","NA-99-99",NA,"0","0"
"pe9014","PE","","","NA-99-99",NA,"0","0"
"pe9015","PE","","","NA-99-99",NA,"0","0"
"pe9016","PE","","","NA-99-99",NA,"0","0"
"pe9017","PE","","","NA-99-99",NA,"0","0"
"pe9018","PE","","","NA-99-99",NA,"0","0"
"pe9019","PE","","","NA-99-99",NA,"0","0"
"pe9020","PE","","","NA-99-99",NA,"0","0"
"pe9021","PE","","","NA-99-99",NA,"0","0"
"pe9022","PE","","","NA-99-99",NA,"pe9053","pe9147"
"pe9023","PE","","","NA-99-99",NA,"pe9079","pe9002"
"pe9024","PE","","","NA-99-99",NA,"0","0"
"pe9025","PE","","","NA-99-99",NA,"0","0"
"pe9026","PE","","","NA-99-99",NA,"pe9151","pe9170"
"pe9027","PE","","","NA-99-99",NA,"0","0"
"pe9028","PE","","","NA-99-99",NA,"pe9111","pe9119"
"pe9029","PE","","","NA-99-99",NA,"0","0"
"pe9030","PE","","","NA-99-99",NA,"0","0"
"pe9031","PE","","","NA-99-99",NA,"0","0"
"pe9032","PE","","","NA-99-99",NA,"0","0"
"pe9033","PE","","","NA-99-99",NA,"0","0"
"pe9034","PE","","","NA-99-99",NA,"0","0"
"pe9035","PE","","","NA-99-99",NA,"0","0"
"pe9036","PE","","","NA-99-99",NA,"0","0"
"pe9037","PE","","","NA-99-99",NA,"0","0"
"pe9038","PE","","","NA-99-99",NA,"pe9070","pe9181"
"pe9039","PE","","","NA-99-99",NA,"0","0"
"pe9040","PE","","","NA-99-99",NA,"pe9024","pe9142"
"pe9041","PE","","","NA-99-99",NA,"0","0"
"pe9042","PE","","","NA-99-99",NA,"0","0"
"pe9043","PE","","","NA-99-99",NA,"0","0"
"pe9044","PE","","","NA-99-99",NA,"0","0"
"pe9045","PE","","","NA-99-99",NA,"0","0"
"pe9046","PE","","","NA-99-99",NA,"pe9195","pe9033"
"pe9047","PE","","","NA-99-99",NA,"pe9051","pe9073"
"pe9048","PE","","","NA-99-99",NA,"0","0"
"pe9049","PE","","","NA-99-99",NA,"pe9057","pe9127"
"pe9051","PE","","","NA-99-99",NA,"0","0"
"pe9052","PE","","","NA-99-99",NA,"0","0"
"pe9053","PE","","","NA-99-99",NA,"0","0"
"pe9054","PE","","","NA-99-99",NA,"0","0"
"pe9055","PE","","","NA-99-99",NA,"pe9183","pe9005"
"pe9056","PE","","","NA-99-99",NA,"0","0"
"pe9057","PE","","","NA-99-99",NA,"0","0"
"pe9058","PE","","","NA-99-99",NA,"pe9016","pe9009"
"pe9059","PE","","","NA-99-99",NA,"0","0"
"pe9060","PE","","","NA-99-99",NA,"0","0"
"pe9061","PE","","","NA-99-99",NA,"pe9018","pe9034"
"pe9062","PE","","","NA-99-99",NA,"pe9918","pe9919"
"pe9063","PE","","","NA-99-99",NA,"pe9185","pe9135"
"pe9064","PE","","","NA-99-99",NA,"pe9100","pe9158"
"pe9065","PE","","","NA-99-99",NA,"pe9146","pe9175"
"pe9066","PE","","","NA-99-99",NA,"0","0"
"pe9067","PE","","","NA-99-99",NA,"0","0"
"pe9068","PE","","","NA-99-99",NA,"0","0"
"pe9069","PE","","","NA-99-99",NA,"pe9101","pe9192"
"pe9070","PE","","","NA-99-99",NA,"0","0"
"pe9071","PE","","","NA-99-99",NA,"0","0"
"pe9072","PE","","","NA-99-99",NA,"0","0"
"pe9073","PE","","","NA-99-99",NA,"0","0"
"pe9074","PE","","","NA-99-99",NA,"0","0"
"pe9075","PE","","","NA-99-99",NA,"0","0"
"pe9076","PE","","","NA-99-99",NA,"pe9708","pe9709"
"pe9077","PE","","","NA-99-99",NA,"pe9121","pe9001"
"pe9078","PE","","","NA-99-99",NA,"0","0"
"pe9079","PE","","","NA-99-99",NA,"0","0"
"pe9080","PE","","","NA-99-99",NA,"pe9068","pe9155"
"pe9081","PE","","","NA-99-99",NA,"0","0"
"pe9082","PE","","","NA-99-99",NA,"0","0"
"pe9083","PE","","","NA-99-99",NA,"pe9117","pe9014"
"pe9084","PE","","","NA-99-99",NA,"0","0"
"pe9085","PE","","","NA-99-99",NA,"0","0"
"pe9086","PE","","","NA-99-99",NA,"pe9178","pe9193"
"pe9087","PE","","","NA-99-99",NA,"0","0"
"pe9088","PE","","","NA-99-99",NA,"0","0"
"pe9089","PE","","","NA-99-99",NA,"0","0"
"pe9090","PE","","","NA-99-99",NA,"pe9702","pe9703"
"pe9091","PE","","","NA-99-99",NA,"0","0"
"pe9092","PE","","","NA-99-99",NA,"0","0"
"pe9093","PE","","","NA-99-99",NA,"0","0"
"pe9094","PE","","","NA-99-99",NA,"0","0"
"pe9095","PE","","","NA-99-99",NA,"0","0"
"pe9096","PE","","","NA-99-99",NA,"0","0"
"pe9097","PE","","","NA-99-99",NA,"0","0"
"pe9099","PE","","","NA-99-99",NA,"0","0"
"pe9100","PE","","","NA-99-99",NA,"0","0"
"pe9101","PE","","","NA-99-99",NA,"0","0"
"pe9102","PE","","","NA-99-99",NA,"0","0"
"pe9103","PE","","","NA-99-99",NA,"pe9729","pe9094"
"pe9104","PE","","","NA-99-99",NA,"pe9801","pe9802"
"pe9105","PE","","","NA-99-99",NA,"pe9102","pe9199"
"pe9106","PE","","","NA-99-99",NA,"0","0"
"pe9107","PE","","","NA-99-99",NA,"pe9132","pe9707"
"pe9108","PE","","","NA-99-99",NA,"0","0"
"pe9109","PE","","","NA-99-99",NA,"pe9145","pe9004"
"pe9110","PE","","","NA-99-99",NA,"pe9177","pe9044"
"pe9111","PE","","","NA-99-99",NA,"0","0"
"pe9112","PE","","","NA-99-99",NA,"pe9187","pe9118"
"pe9113","PE","","","NA-99-99",NA,"0","0"
"pe9114","PE","","","NA-99-99",NA,"pe9188","pe9164"
"pe9115","PE","","","NA-99-99",NA,"0","0"
"pe9116","PE","","","NA-99-99",NA,"0","0"
"pe9117","PE","","","NA-99-99",NA,"0","0"
"pe9118","PE","","","NA-99-99",NA,"0","0"
"pe9119","PE","","","NA-99-99",NA,"0","0"
"pe9120","PE","","","NA-99-99",NA,"0","0"
"pe9121","PE","","","NA-99-99",NA,"0","0"
"pe9122","PE","","","NA-99-99",NA,"pe9089","pe9113"
"pe9123","PE","","","NA-99-99",NA,"pe9134","pe9006"
"pe9124","PE","","","NA-99-99",NA,"0","0"
"pe9125","PE","","","NA-99-99",NA,"pe9025","pe9190"
"pe9126","PE","","","NA-99-99",NA,"pe9037","pe9157"
"pe9127","PE","","","NA-99-99",NA,"0","0"
"pe9128","PE","","","NA-99-99",NA,"0","0"
"pe9129","PE","","","NA-99-99",NA,"0","0"
"pe9130","PE","","","NA-99-99",NA,"pe9054","pe9159"
"pe9131","PE","","","NA-99-99",NA,"0","0"
"pe9132","PE","","","NA-99-99",NA,"0","0"
"pe9133","PE","","","NA-99-99",NA,"0","0"
"pe9134","PE","","","NA-99-99",NA,"0","0"
"pe9135","PE","","","NA-99-99",NA,"0","0"
"pe9136","PE","","","NA-99-99",NA,"0","0"
"pe9137","PE","","","NA-99-99",NA,"pe9087","pe9128"
"pe9138","PE","","","NA-99-99",NA,"pe9093","pe9029"
"pe9139","PE","","","NA-99-99",NA,"0","0"
"pe9140","PE","","","NA-99-99",NA,"0","0"
"pe9141","PE","","","NA-99-99",NA,"0","0"
"pe9142","PE","","","NA-99-99",NA,"0","0"
"pe9143","PE","","","NA-99-99",NA,"0","0"
"pe9144","PE","","","NA-99-99",NA,"0","0"
"pe9145","PE","","","NA-99-99",NA,"0","0"
"pe9146","PE","","","NA-99-99",NA,"0","0"
"pe9147","PE","","","NA-99-99",NA,"0","0"
"pe9148","PE","","","NA-99-99",NA,"0","0"
"pe9149","PE","","","NA-99-99",NA,"pe9021","pe9091"
"pe9150","PE","","","NA-99-99",NA,"0","0"
"pe9151","PE","","","NA-99-99",NA,"0","0"
"pe9152","PE","","","NA-99-99",NA,"0","0"
"pe9153","PE","","","NA-99-99",NA,"0","0"
"pe9154","PE","","","NA-99-99",NA,"0","0"
"pe9155","PE","","","NA-99-99",NA,"0","0"
"pe9156","PE","","","NA-99-99",NA,"0","0"
"pe9157","PE","","","NA-99-99",NA,"0","0"
"pe9158","PE","","","NA-99-99",NA,"0","0"
"pe9159","PE","","","NA-99-99",NA,"0","0"
"pe9160","PE","","","NA-99-99",NA,"0","0"
"pe9161","PE","","","NA-99-99",NA,"pe9152","pe9031"
"pe9162","PE","","","NA-99-99",NA,"pe9194","pe9173"
"pe9163","PE","","","NA-99-99",NA,"0","0"
"pe9164","PE","","","NA-99-99",NA,"0","0"
"pe9165","PE","","","NA-99-99",NA,"pe9085","pe9078"
"pe9166","PE","","","NA-99-99",NA,"pe9088","pe9030"
"pe9167","PE","","","NA-99-99",NA,"pe9017","pe9115"
"pe9168","PE","","","NA-99-99",NA,"0","0"
"pe9169","PE","","","NA-99-99",NA,"pe9010","pe9036"
"pe9170","PE","","","NA-99-99",NA,"0","0"
"pe9171","PE","","","NA-99-99",NA,"pe9019","pe9198"
"pe9172","PE","","","NA-99-99",NA,"pe9168","pe9141"
"pe9173","PE","","","NA-99-99",NA,"0","0"
"pe9174","PE","","","NA-99-99",NA,"pe9035","pe9139"
"pe9175","PE","","","NA-99-99",NA,"0","0"
"pe9176","PE","","","NA-99-99",NA,"pe9013","pe9143"
"pe9177","PE","","","NA-99-99",NA,"0","0"
"pe9178","PE","","","NA-99-99",NA,"0","0"
"pe9179","PE","","","NA-99-99",NA,"pe9719","pe9720"
"pe9180","PE","","","NA-99-99",NA,"pe9039","pe9092"
"pe9181","PE","","","NA-99-99",NA,"0","0"
"pe9182","PE","","","NA-99-99",NA,"0","0"
"pe9183","PE","","","NA-99-99",NA,"0","0"
"pe9184","PE","","","NA-99-99",NA,"0","0"
"pe9185","PE","","","NA-99-99",NA,"0","0"
"pe9186","PE","","","NA-99-99",NA,"pe9815","pe9816"
"pe9187","PE","","","NA-99-99",NA,"0","0"
"pe9188","PE","","","NA-99-99",NA,"0","0"
"pe9189","PE","","","NA-99-99",NA,"pe9020","pe9012"
"pe9190","PE","","","NA-99-99",NA,"0","0"
"pe9191","PE","","","NA-99-99",NA,"0","0"
"pe9192","PE","","","NA-99-99",NA,"0","0"
"pe9193","PE","","","NA-99-99",NA,"0","0"
"pe9194","PE","","","NA-99-99",NA,"0","0"
"pe9195","PE","","","NA-99-99",NA,"0","0"
"pe9196","PE","","","NA-99-99",NA,"0","0"
"pe9197","PE","","","NA-99-99",NA,"pe9150","pe9156"
"pe9198","PE","","","NA-99-99",NA,"0","0"
"pe9199","PE","","","NA-99-99",NA,"0","0"
"pe9200","PE","","","NA-99-99",NA,"pe9196","pe9099"
"pe9201","PE","","","NA-99-99",NA,"pe9817","pe9048"
"pe9202","PE","","","NA-99-99",NA,"pe9825","pe9045"
"pe9600","PE","","","NA-99-99",NA,"0","0"
"pe9702","PE","","","NA-99-99",NA,"pe9801","pe9802"
"pe9703","PE","","","NA-99-99",NA,"pe9824","pe9812"
"pe9704","PE","","","NA-99-99",NA,"pe9749","pe9813"
"pe9705","PE","","","NA-99-99",NA,"pe9060","pe9131"
"pe9707","PE","","","NA-99-99",NA,"pe9749","pe9813"
"pe9708","PE","","","NA-99-99",NA,"pe9820","pe9116"
"pe9709","PE","","","NA-99-99",NA,"pe9072","pe9032"
"pe9709","PE","","","NA-99-99",NA,"pe9072","0"
"pe9709","PE","","","NA-99-99",NA,"0","pe9032"
"pe9709","PE","","","NA-99-99",NA,"0","0"
"pe9710","PE","","","NA-99-99",NA,"pe9820","pe9600"
"pe9711","PE","","","NA-99-99",NA,"pe9082","pe9191"
"pe9712","PE","","","NA-99-99",NA,"pe9723","pe9720"
"pe9713","PE","","","NA-99-99",NA,"pe9818","pe9819"
"pe9714","PE","","","NA-99-99",NA,"pe9071","pe9067"
"pe9715","PE","","","NA-99-99",NA,"pe9120","pe9042"
"pe9718","PE","","","NA-99-99",NA,"pe9719","pe9720"
"pe9719","PE","","","NA-99-99",NA,"0","0"
"pe9720","PE","","","NA-99-99",NA,"0","0"
"pe9721","PE","","","NA-99-99",NA,"pe9081","pe9041"
"pe9722","PE","","","NA-99-99",NA,"pe9056","pe9148"
"pe9723","PE","","","NA-99-99",NA,"0","0"
"pe9729","PE","","","NA-99-99",NA,"pe9739","pe9730"
"pe9729","PE","","","NA-99-99",NA,"pe9739","0"
"pe9729","PE","","","NA-99-99",NA,"0","pe9730"
"pe9729","PE","","","NA-99-99",NA,"0","0"
"pe9730","PE","","","NA-99-99",NA,"0","0"
"pe9739","PE","","","NA-99-99",NA,"0","0"
"pe9748","PE","","","NA-99-99",NA,"pe9084","pe9163"
"pe9749","PE","","","NA-99-99",NA,"0","0"
"pe9778","PE","","","NA-99-99",NA,"0","0"
"pe9779","PE","","","NA-99-99",NA,"0","0"
"pe9801","PE","","","NA-99-99",NA,"0","0"
"pe9802","PE","","","NA-99-99",NA,"0","0"
"pe9803","PE","","","NA-99-99",NA,"pe9810","pe9811"
"pe9806","PE","","","NA-99-99",NA,"pe9822","pe9160"
"pe9807","PE","","","NA-99-99",NA,"pe9154","pe9133"
"pe9808","PE","","","NA-99-99",NA,"pe9108","pe9129"
"pe9809","PE","","","NA-99-99",NA,"pe9052","pe9140"
"pe9810","PE","","","NA-99-99",NA,"0","0"
"pe9811","PE","","","NA-99-99",NA,"0","0"
"pe9812","PE","","","NA-99-99",NA,"0","0"
"pe9813","PE","","","NA-99-99",NA,"0","0"
"pe9815","PE","","","NA-99-99",NA,"pe9820","pe9600"
"pe9815","PE","","","NA-99-99",NA,"pe9820","0"
"pe9815","PE","","","NA-99-99",NA,"0","pe9600"
"pe9815","PE","","","NA-99-99",NA,"0","0"
"pe9816","PE","","","NA-99-99",NA,"pe9059","pe9066"
"pe9816","PE","","","NA-99-99",NA,"pe9059","0"
"pe9816","PE","","","NA-99-99",NA,"0","pe9066"
"pe9816","PE","","","NA-99-99",NA,"0","0"
"pe9817","PE","","","NA-99-99",NA,"pe9003","pe9008"
"pe9817","PE","","","NA-99-99",NA,"pe9003","0"
"pe9817","PE","","","NA-99-99",NA,"0","pe9008"
"pe9817","PE","","","NA-99-99",NA,"0","0"
"pe9818","PE","","","NA-99-99",NA,"0","0"
"pe9819","PE","","","NA-99-99",NA,"0","0"
"pe9820","PE","","","NA-99-99",NA,"0","0"
"pe9821","PE","","","NA-99-99",NA,"pe9184","pe9074"
"pe9822","PE","","","NA-99-99",NA,"pe9825","pe9136"
"pe9822","PE","","","NA-99-99",NA,"pe9825","0"
"pe9822","PE","","","NA-99-99",NA,"0","pe9136"
"pe9822","PE","","","NA-99-99",NA,"0","0"
"pe9823","PE","","","NA-99-99",NA,"pe9182","pe9096"
"pe9824","PE","","","NA-99-99",NA,"0","0"
"pe9825","PE","","","NA-99-99",NA,"0","0"
"pe9827","PE","","","NA-99-99",NA,"pe9801","pe9802"
"pe9828","PE","","","NA-99-99",NA,"pe9778","pe9779"
"pe9832","PE","","","NA-99-99",NA,"pe9833","pe9834"
"pe9833","PE","","","NA-99-99",NA,"0","0"
"pe9834","PE","","","NA-99-99",NA,"0","0"
"pe9836","PE","","","NA-99-99",NA,"pe9015","pe9097"
"pe9840","PE","","","NA-99-99",NA,"pe9153","pe9075"
"pe9841","PE","","","NA-99-99",NA,"pe9027","pe9144"
"pe9842","PE","","","NA-99-99",NA,"pe9124","pe9043"
"pe9918","PE","","","NA-99-99",NA,"pe9749","pe9813"
"pe9918","PE","","","NA-99-99",NA,"pe9749","0"
"pe9918","PE","","","NA-99-99",NA,"0","pe9813"
"pe9918","PE","","","NA-99-99",NA,"0","0"
"pe9919","PE","","","NA-99-99",NA,"pe9106","pe9095"
"pe9919","PE","","","NA-99-99",NA,"pe9106","0"
"pe9919","PE","","","NA-99-99",NA,"0","pe9095"
"pe9919","PE","","","NA-99-99",NA,"0","0"
